Time;Open;High;Low;Close;ATR;VolumeTick;RSI 14;EMA 50;EMA 200;VWAP Mensile;Delta CloseVWAP
01/01/2020;3239;3250,2;3235,3;3247,9;19,78;9104;72,25;3134,03;2985,28;3234,84;13,06
02/01/2020;3233,2;3246,1;3206,2;3242,1;19,91;18250;69,65;3138,27;2987,83;3238,61;3,49
05/01/2020;3224;3241,7;3208,8;3239,7;20,34;14024;68,56;3142,25;2990,34;3238,92;0,78
06/01/2020;3247,9;3253,9;3231,2;3239;19,89;14034;68,22;3146,04;2992,81;3238,94;0,06
07/01/2020;3226,3;3261,7;3225,1;3261,5;21,69;18728;72,85;3150,57;2995,48;3244,09;17,41
08/01/2020;3264,2;3276;3262,7;3273,5;21,93;11558;74,94;3155,39;2998,25;3247,73;25,77
09/01/2020;3282,6;3285,9;3268;3271,3;22,04;9650;73,82;3159,93;3000,97;3249,93;21,37
12/01/2020;3273,2;3284,6;3267,5;3284;21,63;8652;76,05;3164,8;3003,78;3252,57;31,43
13/01/2020;3288,6;3294,5;3274,4;3284,7;22,51;14084;76,18;3169,5;3006,58;3256,16;28,54
14/01/2020;3282;3298,4;3278,2;3290,6;23,36;11696;77,22;3174,25;3009,41;3259,09;31,51
15/01/2020;3298,4;3309,3;3296,9;3308,1;23,89;8184;80,01;3179,5;3012,38;3261,84;46,26
16/01/2020;3318,1;3328,1;3318,1;3325,4;23,98;7218;82,32;3185,22;3015,49;3264,84;60,56
19/01/2020;3325,6;3325,9;3318,1;3325;22,56;2400;82,08;3190,7;3018,57;3265,77;59,23
20/01/2020;3309,5;3330,2;3306,8;3322;23,19;10588;80,23;3195,85;3021,59;3269,36;52,64
21/01/2020;3335,3;3337,6;3324,6;3328,3;22,11;8903;81,19;3201,05;3024,64;3272,36;55,94
22/01/2020;3313,7;3324,8;3301,5;3324,8;21,05;13630;78,89;3205,9;3027,63;3276,15;48,65
23/01/2020;3330,1;3337,6;3280,9;3293,4;22,72;16688;61,95;3209,33;3030,27;3277,55;15,85
26/01/2020;3261,2;3267,2;3234;3249,7;25,34;26666;46,86;3210,91;3032,46;3274,35;-24,65
27/01/2020;3263,5;3286,2;3242,7;3282,2;25,84;18742;55,53;3213,71;3034,94;3274,94;7,26
28/01/2020;3285,7;3293,6;3271,6;3285,8;26,37;12696;56,38;3216,54;3037,44;3275,46;10,34
29/01/2020;3252,9;3268,9;3240,8;3265,7;28,31;24046;50,58;3218,46;3039,71;3274,64;-8,94
30/01/2020;3288,7;3289,7;3223;3231,2;31,85;30944;42,49;3218,96;3041,62;3270,42;-39,22
02/02/2020;3242,6;3268,3;3233,3;3251,8;33,06;23848;47,85;3220,25;3043,71;3240,17;11,63
03/02/2020;3272,1;3306,5;3265,4;3303,8;35,53;16602;58,4;3223,53;3046,29;3254,96;48,84
04/02/2020;3294,3;3334,1;3292;3333,6;37,2;24672;63,01;3227,84;3049,15;3275,16;58,44
05/02/2020;3350,6;3354,8;3333,9;3343,7;37,29;17672;64,45;3232,39;3052,08;3285,81;57,89
06/02/2020;3347,6;3348,1;3322;3329;38,59;20702;60,75;3236,18;3054,84;3292,46;36,54
09/02/2020;3332,4;3343,4;3315,9;3343,4;38,89;15082;62,99;3240,38;3057,71;3297,6;45,8
10/02/2020;3363,1;3375,6;3355,9;3360,6;40,07;12936;65,53;3245,1;3060,72;3302,61;57,99
11/02/2020;3366,6;3378,2;3364,8;3376,9;39,41;10614;67,78;3250,26;3063,87;3307,17;69,73
12/02/2020;3365,8;3384,5;3348;3382;37,97;16582;68,48;3255,43;3067,04;3313,71;68,29
13/02/2020;3382,3;3385,5;3365,5;3372,5;35,16;10798;65,64;3260,02;3070,08;3316,88;55,62
16/02/2020;3389,1;3390,4;3385,2;3388,2;33,33;2862;68;3265,05;3073,24;3317,88;70,32
17/02/2020;3369,9;3374,3;3355,5;3372,5;34,09;14182;63,31;3269,26;3076,22;3321,44;51,06
18/02/2020;3377;3393,5;3373,2;3391,3;32,38;8920;66,31;3274,05;3079,35;3324,2;67,1
19/02/2020;3385,7;3391,2;3339,7;3369,2;31,3;21734;60,1;3277,78;3082,24;3328,14;41,06
20/02/2020;3352,1;3361,9;3328,2;3335,9;31,58;25086;52,18;3280,06;3084,76;3328,85;7,05
23/02/2020;3292,9;3293,4;3213,7;3247,7;36,4;45892;37,92;3278,79;3086,38;3317,18;-69,48
24/02/2020;3257,9;3258,2;3121,7;3142;43,14;58094;28,03;3273,42;3086,94;3290,2;-148,2
25/02/2020;3136,8;3182,8;3092;3115,5;48,11;73166;26,18;3267,23;3087,22;3261,82;-146,32
26/02/2020;3085,4;3104,3;3006,5;3033;54,04;85000;21,45;3258,05;3086,68;3225,49;-192,49
27/02/2020;2921;2960,3;2853,6;2916,1;64,89;129529;16,82;3244,64;3084,98;3165,22;-249,12
01/03/2020;2966,1;3040,1;2905,4;3001,3;72,21;110698;28,88;3235,09;3084,15;2955,36;45,94
02/03/2020;3069,5;3138;2975;3010,7;82,59;119353;30,09;3226,29;3083,42;2973,73;36,97
03/03/2020;3037,6;3100,7;3033,2;3093,8;86,41;75322;39,8;3221,1;3083,52;2994,52;99,28
04/03/2020;3091;3091,3;3009,7;3021,7;90,99;72931;35,22;3213,28;3082,91;2998,43;23,27
05/03/2020;2983,8;2998,5;2904,5;2910;98,09;107126;29,56;3201,39;3081,19;2983,02;-73,02
08/03/2020;2821,1;2839;2717,4;2745,8;109,51;78467;23,56;3183,52;3077,85;2956,18;-210,38
09/03/2020;2846,3;2883,7;2732,7;2880,5;118,79;129724;35,18;3171,64;3075,89;2944,25;-63,75
10/03/2020;2788,1;2839,3;2706,2;2740;127,56;127576;30,05;3154,71;3072,54;2916,84;-176,84
11/03/2020;2631,4;2661;2471,8;2477,3;143,79;121363;23,23;3128,14;3066,62;2867,09;-389,79
12/03/2020;2525,7;2708,3;2491,7;2706,7;151,56;115920;36,73;3111,62;3063,04;2851,44;-144,74
15/03/2020;2398,4;2563,1;2364,4;2397,4;166,26;91773;29,26;3083,61;3056,42;2818,88;-421,48
16/03/2020;2497,9;2554,8;2366,3;2531,5;173,24;139279;35,4;3061,96;3051,19;2790,67;-259,17
17/03/2020;2379,8;2454,7;2272,9;2408,2;183,92;94849;32,6;3036,32;3044,8;2766,71;-358,51
18/03/2020;2373,1;2468,2;2317;2411,3;181,91;135545;32,74;3011,81;3038,49;2737,5;-326,2
19/03/2020;2448,7;2509,7;2291,7;2296,2;187,86;143050;30,16;2983,75;3031,11;2702,29;-406,09
22/03/2020;2220,5;2395;2189,8;2231,8;190,87;148511;28,8;2954,26;3023,15;2666,29;-434,49
23/03/2020;2330,6;2449,5;2312,7;2442,3;199,99;116996;38,59;2934,18;3017,37;2653,55;-211,25
24/03/2020;2456,5;2571,6;2398,5;2474,9;206,35;150795;39,97;2916,17;3011,98;2641,36;-166,46
25/03/2020;2443,4;2637,5;2413,9;2629;213,95;134262;46,12;2904,91;3008,17;2640,65;-11,65
26/03/2020;2595,6;2615,8;2517,4;2542,3;208,16;125968;43,42;2890,69;3003,53;2635,63;-93,33
29/03/2020;2545,8;2632,4;2505,8;2625,9;206,42;110790;46,66;2880,3;2999,77;2635,21;-9,31
30/03/2020;2637,5;2646,5;2569,7;2579,4;199,46;97750;45,11;2868,5;2995,59;2633,18;-53,78
31/03/2020;2509,3;2523,3;2446,9;2471,2;189,76;95072;41,65;2852,92;2990,37;2471,2;0
01/04/2020;2502,5;2534,1;2436,5;2528,1;180,24;100753;44,08;2840,19;2985,77;2500,48;27,62
02/04/2020;2506,2;2539,6;2459,2;2486,4;161,53;84236;42,68;2826,31;2980,8;2496,24;-9,84
05/04/2020;2584,3;2677;2574,2;2659;161,68;58209;49,8;2819,75;2977,6;2524,25;134,75
06/04/2020;2698,2;2755,6;2655,6;2655,6;150,35;92304;49,66;2813,31;2974,4;2552,41;103,19
07/04/2020;2656,2;2760,2;2637,1;2744,7;148,34;80624;53,14;2810,62;2972,11;2582,73;161,97
08/04/2020;2765,9;2818,3;2708,7;2787,3;140,6;91848;54,75;2809,71;2970,27;2613,89;173,41
12/04/2020;2754,2;2788;2720,4;2762,4;130,77;62682;53,59;2807,85;2968,2;2627,87;134,53
13/04/2020;2810;2852,5;2789,7;2844,5;121,66;56378;56,83;2809,29;2966,97;2644,79;199,71
14/04/2020;2833,2;2836,5;2759,6;2782,3;115,36;70340;53,77;2808,23;2965,14;2656,99;125,31
15/04/2020;2809,5;2812;2764,7;2800,7;102,76;73970;54,55;2807,94;2963,5;2669,26;131,44
16/04/2020;2876,9;2886,8;2830,3;2873,6;100,94;69632;57,6;2810,51;2962,61;2684,46;189,14
19/04/2020;2868,5;2869,9;2817,3;2823,9;95,92;61306;54,89;2811,04;2961,23;2693,03;130,87
20/04/2020;2809,2;2816,2;2726,5;2737,8;97,39;85776;50,47;2808,16;2959;2696,58;41,22
21/04/2020;2766,4;2815,9;2757,9;2798,9;93,51;56842;53,34;2807,8;2957,41;2701,68;97,22
22/04/2020;2807,9;2845,1;2786,1;2798,1;90,75;64302;53,3;2807,42;2955,82;2706,83;91,27
23/04/2020;2785,2;2843,5;2776,2;2836;89,81;53860;55,17;2808,54;2954,63;2712,36;123,64
26/04/2020;2853,8;2888,8;2850,3;2878;79,97;41052;57,21;2811,27;2953,87;2717,59;160,41
27/04/2020;2870,7;2920,9;2860,7;2863,7;77,13;51419;56,27;2813,32;2952,97;2723,16;140,54
28/04/2020;2895,8;2955,1;2888,5;2939,6;74,86;51108;60,03;2818,27;2952,84;2731,05;208,55
29/04/2020;2962,2;2963,7;2892;2911,5;72,16;62356;58,04;2821,93;2952,43;2738,73;172,77
30/04/2020;2849,3;2865,9;2820,7;2831,7;73,81;48512;52,7;2822,31;2951,23;2831,7;0
03/05/2020;2819,6;2844,3;2792,1;2844;71,11;46797;53,41;2823,16;2950,16;2837,74;6,26
04/05/2020;2858,2;2898,7;2841,4;2869,4;69,14;44072;54,92;2824,98;2949,36;2847,75;21,65
05/05/2020;2888,8;2894,6;2847,6;2848,6;69,11;42824;53,4;2825,9;2948,35;2847,95;0,65
06/05/2020;2866,5;2902,2;2862,7;2879,5;66,79;38552;55,38;2828;2947,67;2853,46;26,04
07/05/2020;2915,6;2932,5;2902,8;2929,1;66,56;29846;58,43;2831,97;2947,48;2862,47;66,63
10/05/2020;2943,8;2949;2897;2930,4;63,31;35590;58,51;2835,83;2947,31;2870,92;59,48
11/05/2020;2911,4;2945,9;2871,2;2871,4;63,07;39208;53,47;2837,22;2946,56;2870,97;0,43
12/05/2020;2869,4;2882,7;2792,5;2822,2;65,3;58258;49,63;2836,63;2945,32;2863,57;-41,37
13/05/2020;2808,1;2852,3;2765,8;2852,1;66,67;63602;51,89;2837,24;2944,39;2861,94;-9,84
14/05/2020;2852,9;2868,1;2815;2865;66,69;59308;52,88;2838,33;2943,6;2862,3;2,7
17/05/2020;2888,6;2968,5;2887,8;2952,8;69,79;39623;59,01;2842,82;2943,69;2868,86;83,94
18/05/2020;2975,4;2975,4;2922,3;2922,3;67,05;51082;56,27;2845,94;2943,48;2873,43;48,87
19/05/2020;2935,2;2980,2;2932,4;2971,4;66,06;40512;59,53;2850,86;2943,76;2879,65;91,75
20/05/2020;2952,1;2977,2;2938,5;2948,3;62,34;43282;57,37;2854,68;2943,8;2884,02;64,28
21/05/2020;2920,9;2956,7;2908,9;2955,7;62,03;37610;57,89;2858,64;2943,92;2887,77;67,93
24/05/2020;2971,3;2994,2;2963,7;2993,5;60,69;16026;60,58;2863,93;2944,42;2890,07;103,43
25/05/2020;3014;3023,8;2987,2;2991,2;59,94;31934;60,33;2868,92;2944,88;2894,29;96,91
26/05/2020;3011,8;3038,3;2969;3034,9;61,06;45408;63,45;2875,43;2945,78;2902,15;132,75
27/05/2020;3044,7;3069;3023,3;3029;60,54;49156;62,73;2881,45;2946,61;2909,39;119,61
28/05/2020;3028,2;3049;2997,8;3049;60,49;55078;64,21;2888,02;2947,62;2917,78;131,22
31/05/2020;3054,5;3061,7;3023,5;3054,5;57,88;36812;64,62;2894,55;2948,69;3054,5;0
01/06/2020;3050,3;3081,2;3047,8;3081,2;53,82;31128;66,64;2901,87;2950,01;3066,73;14,47
02/06/2020;3090;3132;3088;3122,1;51,27;28878;69,52;2910,51;2951,72;3083,25;38,85
03/06/2020;3108,3;3128,8;3089,8;3112,3;50,26;38698;68;2918,42;2953,32;3091,54;20,76
04/06/2020;3136,1;3212;3130,4;3194;49,99;44308;73,23;2929,23;2955,71;3116,79;77,21
07/06/2020;3189,9;3232,4;3184,9;3232,4;49,59;29940;75,27;2941,12;2958,46;3133,29;99,11
08/06/2020;3222,8;3225,5;3191,8;3208,7;48,36;35174;71,64;2951,61;2960,95;3144,12;64,58
09/06/2020;3215,8;3226;3181,4;3190,9;48,78;48548;68,94;2960,99;2963,24;3151,86;39,04
10/06/2020;3142,9;3146,4;2997,9;3003,6;59,15;73282;48,35;2962,66;2963,64;3122,24;-118,64
11/06/2020;3027,8;3088,1;2983,7;3041,5;63,86;89404;51,5;2965,76;2964,42;3106,41;-64,91
14/06/2020;2950,1;3080,5;2940,9;3068,3;71,21;95260;53,66;2969,78;2965,45;3099,83;-31,53
15/06/2020;3101,4;3168,1;3074,2;3123,7;73,39;105838;57,84;2975,81;2967,03;3103,67;20,03
16/06/2020;3129,7;3157,7;3107,3;3114,1;73,73;50152;56,88;2981,24;2968,49;3104,41;9,69
17/06/2020;3111,4;3130,4;3084,6;3116,9;73,34;52436;57,1;2986,56;2969,97;3105,27;11,63
18/06/2020;3126,9;3155,5;3082,3;3097;75,84;48382;54,93;2990,89;2971,23;3104,78;-7,78
21/06/2020;3087,2;3121,1;3078,1;3118,3;76,53;37962;56,82;2995,88;2972,69;3105,38;12,92
22/06/2020;3128;3157;3122,5;3130,3;75,66;37960;57,9;3001,16;2974,26;3106,45;23,85
23/06/2020;3132,2;3135,4;3030,8;3048;80,35;59364;48,92;3002,99;2975;3102,78;-54,78
24/06/2020;3040,5;3087,4;3017;3086,9;78,26;60136;52,65;3006,28;2976,11;3101,83;-14,93
25/06/2020;3073,7;3091,2;3004,5;3011;81,06;54166;45,64;3006,47;2976,46;3097,17;-86,17
28/06/2020;3022,6;3051,5;3000,2;3051,5;81,82;42136;49,5;3008,23;2977,2;3095,42;-43,92
29/06/2020;3051,1;3111,8;3040,4;3102,5;83,74;40186;53,95;3011,93;2978,45;3095,67;6,83
30/06/2020;3094,6;3128,5;3073,4;3115,2;73,89;38036;55,01;3015,98;2979,81;3115,2;0
01/07/2020;3124,7;3165,3;3122;3129,7;70,01;36030;56,25;3020,44;2981,3;3122,25;7,45
02/07/2020;3144,9;3146,6;3115,4;3125,5;62,26;19874;55,77;3024,56;2982,74;3122,94;2,56
05/07/2020;3174,9;3183,5;3164,7;3179,7;59,28;29215;60,45;3030,64;2984,7;3136,41;43,29
06/07/2020;3168,4;3184,3;3142,8;3143,3;58,64;31714;56,15;3035,06;2986,28;3137,82;5,48
07/07/2020;3144,9;3172,2;3136,4;3170,6;57,93;37658;58,54;3040,38;2988,11;3144,23;26,37
08/07/2020;3168,4;3179,9;3114,9;3151,2;57,34;40937;56,2;3044,72;2989,73;3145,45;5,75
09/07/2020;3125,1;3187,2;3123,4;3186,2;58,83;39544;59,35;3050,27;2991,69;3151,35;34,85
12/07/2020;3202,2;3235,8;3150,3;3154,4;62,17;39436;55,45;3054,35;2993,31;3151,74;2,66
13/07/2020;3171,5;3200,3;3127,9;3197,1;59,87;62181;59,32;3059,95;2995,33;3159,27;37,83
14/07/2020;3213,7;3240,5;3200,8;3226,3;57,94;46061;61,76;3066,48;2997,63;3166,61;59,69
15/07/2020;3209,1;3220,3;3197,9;3214,6;53,78;40845;60,2;3072,28;2999,79;3170,85;43,75
16/07/2020;3209,1;3233,7;3203,3;3225,4;52,29;24408;61,18;3078,29;3002,04;3173,59;51,81
19/07/2020;3205,2;3258,4;3198,9;3252,9;51,44;22384;63,62;3085,14;3004,53;3177,09;75,81
20/07/2020;3269,8;3281,8;3247,9;3257,2;49,92;31184;64,01;3091,88;3007,05;3181,72;75,48
21/07/2020;3262;3279,3;3235,8;3276,6;49,45;29537;65,75;3099,13;3009,73;3186,64;89,96
22/07/2020;3289;3292,3;3222,3;3235,8;52,22;41608;59,24;3104,49;3011,98;3189,99;45,81
23/07/2020;3214,7;3232,4;3199,3;3215,6;50,69;39350;56,27;3108,84;3014;3191,54;24,06
26/07/2020;3222,8;3241,1;3214,9;3239,1;49,59;22874;58,85;3113,95;3016,24;3193,16;45,94
27/07/2020;3240,8;3245,5;3215,9;3218,9;49,15;28079;55,8;3118,07;3018,26;3194,19;24,71
28/07/2020;3225;3265;3222,3;3258,5;47,8;20778;60,16;3123,58;3020,65;3196,04;62,46
29/07/2020;3247,7;3251;3203,5;3246,5;47,17;38530;58,29;3128,4;3022,9;3198,6;47,9
30/07/2020;3264,4;3272,1;3219,9;3271,1;44,79;41909;60,98;3133,99;3025,37;3202,39;68,71
02/08/2020;3269,5;3302,3;3261,8;3293,8;42,51;26612;63,33;3140,26;3028,04;3279,92;13,88
03/08/2020;3300,5;3305,4;3278;3305,4;41,37;27085;64,5;3146,74;3030,8;3287,14;18,26
04/08/2020;3319;3330,9;3316,3;3327,9;41,16;22169;66,73;3153,84;3033,75;3294,81;33,09
05/08/2020;3327,2;3351,1;3307,7;3349,1;42,09;26561;68,72;3161,5;3036,89;3304,8;44,3
06/08/2020;3338,3;3353,4;3329,2;3351,4;39,57;35165;68,94;3168,94;3040,02;3313,93;37,47
09/08/2020;3355,7;3363,7;3335,7;3360,7;39,15;27490;69,85;3176,46;3043,21;3320,14;40,56
10/08/2020;3366,1;3385,3;3326,7;3334;40,23;36194;64,04;3182,64;3046,11;3322,2;11,8
11/08/2020;3350,9;3388,3;3349,5;3380,5;39,11;28852;68,9;3190,4;3049,43;3328,39;52,11
12/08/2020;3373,1;3387,2;3362,9;3372,4;38,24;29325;67,19;3197,54;3052,65;3332,67;39,73
13/08/2020;3377,9;3378,9;3355,1;3371,4;38,06;29053;66,97;3204,36;3055,82;3336,07;35,33
16/08/2020;3376,5;3387,4;3369,7;3382,7;37,21;14260;68,24;3211,35;3059,07;3338;44,7
17/08/2020;3380,5;3395;3370;3389,3;35,71;16971;68,99;3218,33;3062,36;3340,41;48,89
18/08/2020;3392,4;3399,4;3369,2;3375,9;33,94;18529;65,61;3224,51;3065,48;3342,14;33,76
19/08/2020;3360,4;3391,1;3352,9;3386,3;32,94;21993;66,96;3230,85;3068,67;3344,56;41,74
20/08/2020;3391,3;3400,1;3360,5;3398,6;32,87;24982;68,54;3237,43;3071,95;3347,72;50,88
23/08/2020;3411,7;3431,2;3410,9;3431,2;33,24;19786;72,3;3245,03;3075,53;3351,41;79,79
24/08/2020;3446,6;3452;3425;3444,3;33,35;20054;73,67;3252,84;3079,2;3355,4;88,9
25/08/2020;3443,7;3481,6;3439,9;3479,1;33,23;15818;76,92;3261,72;3083,18;3359,45;119,65
26/08/2020;3479,3;3501,4;3468,2;3485,4;33,87;34630;77,47;3270,49;3087,18;3367,88;117,52
27/08/2020;3505;3509,5;3484;3508;33,69;26103;79,34;3279,8;3091,36;3374,61;133,39
30/08/2020;3519;3521;3493;3503,3;31,51;19449;77,89;3288,57;3095,46;3379,06;124,24
31/08/2020;3511,9;3528,8;3494,5;3528,8;30,08;24859;80,03;3297,99;3099,78;3528,8;0
01/09/2020;3543,3;3587,9;3536,4;3580,9;32,56;30747;83,53;3309,08;3104,56;3557,61;23,29
02/09/2020;3574,7;3585,2;3426,7;3457,2;42,19;76422;57,67;3314,89;3108,07;3499,49;-42,29
03/09/2020;3445,1;3485,8;3348,8;3428,5;50,71;95564;53,53;3319,35;3111,26;3469,68;-41,18
06/09/2020;3398,5;3439,6;3396,5;3434,5;52;33022;54,27;3323,86;3114,48;3465,22;-30,72
07/09/2020;3440,6;3443,1;3329,1;3330,8;57,99;90400;41,87;3324,13;3116,63;3430,6;-99,8
08/09/2020;3336;3424,9;3335,5;3398,6;61,98;57223;49,92;3327,06;3119,43;3426,12;-27,52
09/09/2020;3399,2;3425,2;3328,6;3338;66,05;77174;44,05;3327,48;3121,61;3412,11;-74,11
10/09/2020;3366,5;3375,7;3309,6;3340,9;68,44;82069;44,39;3328,01;3123,79;3401,81;-60,91
13/09/2020;3381,5;3402,1;3364;3382,7;70,89;50239;49,14;3330,16;3126,37;3400,26;-17,56
14/09/2020;3390,7;3418,5;3387,7;3400;70,46;47202;51,01;3332,89;3129,09;3400,24;-0,24
15/09/2020;3408,4;3429;3384;3385,3;71,31;32764;49,35;3334,95;3131,64;3399,54;-14,24
16/09/2020;3333,7;3375,3;3325,4;3358,5;73,76;56721;46,39;3335,87;3133,9;3396,45;-37,95
17/09/2020;3361,9;3373,2;3290,8;3317,5;77,65;46239;42,22;3335,15;3135,72;3391,89;-74,39
20/09/2020;3311,9;3315,9;3228,3;3281;81,57;63200;38,86;3333,03;3137,17;3383,78;-102,78
21/09/2020;3275,4;3320,9;3267,7;3315,1;81,15;45229;43,39;3332,33;3138,94;3380,36;-65,26
22/09/2020;3315,1;3330,6;3232,4;3236;76,84;47851;36,62;3328,55;3139,91;3373,14;-137,14
23/09/2020;3224,7;3279,1;3209,2;3246,4;72,05;64714;37,99;3325,33;3140,96;3365,11;-118,71
24/09/2020;3258,5;3307,3;3217,7;3299,3;75,37;53752;44,55;3324,31;3142,54;3361,82;-62,52
27/09/2020;3320,2;3360,7;3317,1;3349,4;71,61;36112;49,96;3325,29;3144,6;3361,42;-12,02
28/09/2020;3357,5;3359,7;3326,7;3334,8;67,25;34856;48,47;3325,66;3146,49;3360,61;-25,81
29/09/2020;3314,4;3393,8;3306,1;3363,6;66,61;53518;51,53;3327,15;3148,65;3360,74;2,86
30/09/2020;3389,1;3397;3360,6;3381,7;64,49;49341;53,4;3329,29;3150,97;3381,7;0
01/10/2020;3337,6;3369,6;3314,7;3347,1;64,91;67541;49,47;3329,99;3152,92;3361,71;-14,61
04/10/2020;3368,2;3410,1;3356,7;3408,9;66,85;26704;55,74;3333,08;3155,47;3370,48;38,42
05/10/2020;3403,4;3431,8;3353,3;3360,9;69,24;42093;50,5;3334,17;3157,51;3368,31;-7,41
06/10/2020;3380,7;3426,3;3375,5;3417,8;69,64;32895;55,8;3337,45;3160,1;3375,76;42,04
07/10/2020;3439,6;3447,2;3423,1;3446,7;65,85;28493;58,25;3341,74;3162,95;3383,94;62,76
08/10/2020;3455,3;3462,3;3455,3;3459;60,59;3806;59,28;3346,34;3165,9;3385,08;73,92
12/10/2020;3527,1;3533,2;3500,4;3511,4;62,09;42761;63,43;3352,81;3169,34;3403,47;107,93
13/10/2020;3526,5;3532,3;3480,1;3487,6;58,81;55658;60,42;3358,09;3172,51;3416,88;70,72
14/10/2020;3470;3488,9;3439,6;3483,9;57,34;67228;59,94;3363,03;3175,6;3427,7;56,2
15/10/2020;3487;3516,4;3478,5;3483,9;53,64;45694;59,94;3367,77;3178,67;3433,25;50,65
18/10/2020;3494;3504,3;3419,6;3426,9;55,31;55728;52,54;3370,09;3181,14;3432,57;-5,67
19/10/2020;3444,7;3478;3435,3;3443,7;56,6;63894;54,33;3372,97;3183,75;3433,79;9,91
20/10/2020;3459,7;3465;3428,7;3435,3;52,93;69666;53,25;3375,42;3186,26;3433,95;1,35
21/10/2020;3422,5;3460,5;3414,5;3453,9;53,61;59136;55,37;3378,5;3188,92;3435,61;18,29
22/10/2020;3447,8;3470,1;3439,6;3465,3;51,01;44702;56,66;3381,9;3191,67;3437,37;27,93
25/10/2020;3434,1;3437,8;3364,5;3401,8;53,71;68844;48,25;3382,68;3193,76;3434,4;-32,6
26/10/2020;3411,7;3418,2;3388,1;3391,1;50,25;62268;46,99;3383,01;3195,72;3431,36;-40,26
27/10/2020;3370,8;3371,8;3268,9;3269,4;54,31;98594;35,56;3378,56;3196,46;3415,15;-145,75
28/10/2020;3309,3;3341,9;3258,1;3310,1;58,19;95434;40,75;3375,87;3197,59;3405,87;-95,77
29/10/2020;3242,1;3304,3;3233,8;3274,1;62,53;118640;37,85;3371,88;3198,35;3392,83;-118,73
01/11/2020;3274,1;3331,6;3270,9;3302;61,56;82998;41,34;3369,14;3199,38;3285,58;16,42
02/11/2020;3324,3;3390,1;3321,8;3370,4;64,13;59112;48,91;3369,19;3201,08;3304,81;65,59
03/11/2020;3383,1;3487,4;3327,2;3461,4;72,05;160121;56,88;3372,81;3203,67;3364,39;97,01
04/11/2020;3461;3528,9;3460,9;3524,1;74,2;98046;61,35;3378,74;3206,86;3394,56;129,54
05/11/2020;3490,3;3524,9;3462,9;3506,6;72,58;84157;59,5;3383,75;3209,84;3410,2;96,4
08/11/2020;3557,4;3673,7;3551,2;3602,6;80,86;137504;65,64;3392,33;3213,75;3445,92;156,68
09/11/2020;3543,8;3563,3;3510,9;3545,4;84,82;116950;59,82;3398,34;3217,05;3459,49;85,91
10/11/2020;3556,1;3581,2;3547,9;3562,4;84,09;67654;60,93;3404,77;3220,49;3467,01;95,39
11/11/2020;3549,4;3573,4;3523,7;3526;85,46;75859;57,28;3409,53;3223,53;3471,48;54,52
12/11/2020;3543,1;3583,2;3536,3;3582,2;82,35;57226;61,15;3416,3;3227,1;3477,47;104,73
15/11/2020;3615,8;3640,2;3600,8;3613,5;84,34;60810;63,15;3424,03;3230,94;3484,86;128,64
16/11/2020;3613,3;3623,6;3587,8;3619,6;78,17;44165;63,54;3431,7;3234,81;3489,98;129,62
17/11/2020;3592,9;3626,4;3590,6;3598,2;74,74;37067;61,07;3438,23;3238,42;3493,32;104,88
18/11/2020;3575;3585,2;3544,8;3580,5;73,11;47418;59,03;3443,81;3241,83;3496,63;83,87
19/11/2020;3564,9;3585,4;3562,5;3572;70,41;37992;58,03;3448,84;3245,11;3498,86;73,14
22/11/2020;3569;3590,6;3551,9;3579,2;66,88;46878;58,67;3453,95;3248,44;3501,69;77,51
23/11/2020;3605,1;3641,4;3596,2;3634,4;59,88;39748;63,3;3461,02;3252,28;3505,53;128,87
24/11/2020;3637,7;3646;3618,1;3628;57,01;39008;62,42;3467,57;3256,02;3508,92;119,08
25/11/2020;3639,5;3641,2;3616,7;3620,3;54,34;17012;61,33;3473,56;3259,64;3510,24;110,06
26/11/2020;3633;3644,6;3628;3639;44,14;19884;63,02;3480,05;3263,42;3512,01;126,99
29/11/2020;3607,2;3636,6;3594,4;3623,4;40,77;48634;60,64;3485,67;3267;3515,63;107,77
30/11/2020;3654,7;3678,4;3647;3669,7;42,14;38936;64,89;3492,89;3271;3669,7;0
01/12/2020;3657,6;3670,3;3644;3669,5;40,47;36406;64,86;3499,81;3274,97;3669,6;-0,1
02/12/2020;3666,7;3681;3658,9;3677,3;37,96;28494;65,58;3506,77;3278,97;3671,72;5,58
03/12/2020;3674;3694,3;3669,1;3693,3;35,62;22642;67,09;3514,09;3283,1;3675,58;17,72
06/12/2020;3688,2;3697,6;3673,5;3684,8;34,79;28224;65,45;3520,78;3287,09;3677,26;7,54
07/12/2020;3680,2;3709,1;3665,5;3703,9;35,34;25592;67,37;3527,96;3291,24;3681,04;22,86
08/12/2020;3711,8;3714,6;3660,8;3669,5;35,37;38200;60,81;3533,51;3295;3679,02;-9,52
09/12/2020;3667,7;3681,7;3644,8;3659,8;36,37;47764;59,06;3538,47;3298,63;3675,58;-15,78
10/12/2020;3666,7;3671,7;3628,5;3658;36,69;47010;58,72;3543,15;3302,21;3672,94;-14,94
13/12/2020;3678,2;3698,1;3656,6;3666,6;35,21;38564;59,9;3548;3305,84;3672,24;-5,64
14/12/2020;3653,2;3694,4;3652;3690,9;36,25;34249;63,11;3553,6;3309,67;3673,9;17
15/12/2020;3694,2;3708,7;3688,6;3707,1;35,94;29209;65,11;3559,62;3313,62;3676,23;30,87
16/12/2020;3712,2;3724,5;3710,3;3720,8;35,44;23518;66,75;3565,94;3317,67;3678,62;42,18
17/12/2020;3715,7;3731;3688,5;3691,3;35,29;32966;60,18;3570,86;3321,39;3679,51;11,79
20/12/2020;3709,4;3710,2;3605,1;3696;38,87;93775;60,84;3575,76;3325,12;3682,24;13,76
21/12/2020;3675;3704;3674,7;3691;39,09;51918;59,7;3580,28;3328,76;3682,98;8,02
22/12/2020;3686,5;3711,1;3684,5;3704,1;39,41;26890;61,72;3585,14;3332,49;3683,86;20,24
23/12/2020;3698,9;3705,3;3689,4;3702,3;38,74;17432;61,27;3589,73;3336,17;3684,35;17,95
24/12/2020;3702,3;3702,3;3702,3;3702,3;37,02;2;61,27;3594,15;3339,82;3684,35;17,95
27/12/2020;3727,7;3740,3;3723,4;3739,3;36,62;20498;67,05;3599,84;3343,79;3686;53,3
28/12/2020;3753,9;3755,9;3723;3727,5;35,13;33211;63,78;3604,85;3347,61;3687,92;39,58
29/12/2020;3738,4;3746,1;3730,2;3731,5;33,82;26354;64,41;3609,81;3351,43;3689,47;42,03
30/12/2020;3732,1;3744,2;3722,8;3741,9;32,26;19395;66,07;3614,99;3355,31;3690,81;51,09
03/01/2021;3760,4;3780,9;3661,3;3694,1;37,84;61800;53,67;3618,09;3358,69;3705,52;-11,42
04/01/2021;3709,9;3739,1;3682,4;3728,1;38,86;53436;59,5;3622,41;3362,36;3714,48;13,62
05/01/2021;3715,4;3783,5;3693,9;3758,5;43,83;80022;63,87;3627,75;3366,3;3730,89;27,61
06/01/2021;3777,7;3811,5;3755,5;3805,3;46,59;45926;69,35;3634,71;3370,67;3744,01;61,29
07/01/2021;3820,3;3825,5;3783,4;3812,1;46,56;49174;70,06;3641,67;3375,06;3754,82;57,28
10/01/2021;3798,6;3818,3;3784,1;3807,1;41,49;47052;68,8;3648,15;3379,36;3761,71;45,39
11/01/2021;3805,7;3814,7;3776,1;3799,8;42,16;42068;66,9;3654,1;3383,55;3765,73;34,07
12/01/2021;3808,7;3821,4;3784,7;3816,9;42,88;34172;69,06;3660,48;3387,86;3769,77;47,13
13/01/2021;3818,9;3823,5;3808,6;3810,9;42,81;28418;67,4;3666,38;3392,07;3772,3;38,6
14/01/2021;3776,8;3791,3;3748,6;3776,9;47,26;49594;58,79;3670,72;3395,9;3772,75;4,15
17/01/2021;3760,9;3775,8;3756,9;3775,2;45,97;11276;58,39;3674,81;3399,67;3772,8;2,4
18/01/2021;3794,6;3804,3;3779,8;3800;45,7;27542;62,42;3679,72;3403,65;3774,16;25,84
19/01/2021;3805,4;3856,3;3801,9;3853,6;48,39;23230;69,34;3686,54;3408,13;3777,38;76,22
20/01/2021;3861,7;3865,2;3844;3860,2;48,38;24170;70,07;3693,35;3412,63;3780,73;79,47
21/01/2021;3841,1;3850,2;3821,1;3849,2;42,63;31188;67,19;3699,46;3416,97;3784,13;65,07
24/01/2021;3857,8;3860,6;3796,7;3845,6;43,14;57870;66,24;3705,19;3421,24;3789,31;56,29
25/01/2021;3830,8;3870,2;3830,6;3858,7;39,57;40784;68,02;3711,21;3425,59;3793,2;65,5
26/01/2021;3849,9;3850,8;3747,1;3753,1;43,54;83908;46,62;3712,86;3428,85;3789,06;-35,96
27/01/2021;3734,2;3830,3;3713,7;3817,8;48,86;91039;55,8;3716,97;3432,72;3791,96;25,84
28/01/2021;3752,8;3781;3692,6;3717,9;55,36;119588;43,39;3717,01;3435,56;3783,29;-65,39
31/01/2021;3730,7;3784,6;3722,3;3779,8;57,37;68386;50,71;3719,47;3438,98;3779,8;0
01/02/2021;3792,7;3843,3;3788,5;3842,1;59,29;40844;56,76;3724,28;3442,99;3803,1;39
02/02/2021;3843,2;3851;3815,8;3842;60,74;39370;56,75;3728,9;3446,96;3813,4;28,6
03/02/2021;3831,8;3865,2;3826,1;3863,7;59,08;29176;58,79;3734,18;3451,11;3821,66;42,04
04/02/2021;3881,8;3894,9;3875,6;3885,1;59,88;24490;60,76;3740,1;3455,43;3829,34;55,76
07/02/2021;3902,5;3909,9;3892;3903,6;59,57;21660;62,43;3746,51;3459,89;3836,52;67,08
08/02/2021;3912,4;3918,3;3901,5;3917,5;56,75;19358;63,68;3753,22;3464,44;3842,97;74,53
09/02/2021;3924,4;3934,7;3884,8;3917,8;58,8;41362;63,71;3759,67;3468,95;3853,84;63,96
10/02/2021;3914,2;3925,3;3890,1;3906,9;58,52;37808;61,84;3765,45;3473,31;3860,06;46,84
11/02/2021;3909,1;3925;3895,2;3920;56,09;25132;63,24;3771,51;3477,76;3864,39;55,61
14/02/2021;3950,5;3957,1;3948,5;3955,8;55,91;6795;66,82;3778,73;3482,51;3866,15;89,65
15/02/2021;3959,5;3960,2;3923,8;3936,5;50,54;34498;63,24;3784,92;3487,03;3872,39;64,11
16/02/2021;3935,3;3936,6;3900,9;3926,1;44,76;49922;61,34;3790,46;3491,4;3878,5;47,6
17/02/2021;3921,9;3928,7;3884,5;3917,5;38,97;46950;59,74;3795,44;3495,64;3882,27;35,23
18/02/2021;3911,5;3934,5;3903,8;3911,1;36,4;39942;58,51;3799,98;3499,77;3884,46;26,64
21/02/2021;3897,4;3902,8;3864,7;3895,6;35,18;51166;55,54;3803,73;3503,71;3885,45;10,15
22/02/2021;3892,9;3895,2;3808,4;3873;38,89;82100;51,44;3806,44;3507,38;3883,9;-10,9
23/02/2021;3862,2;3928,3;3859;3918,6;41,05;69082;58,15;3810,84;3511,48;3887,19;31,41
24/02/2021;3936;3936;3823,4;3847,7;46,86;93324;47,23;3812,29;3514,82;3882,7;-35
25/02/2021;3812,4;3861,6;3788,1;3834,6;50,34;127686;45,52;3813,16;3518;3876,23;-41,63
28/02/2021;3842,5;3915,1;3842,5;3912,1;54,89;49492;55,7;3817,04;3521,93;3912,1;0
01/03/2021;3888;3906,3;3869,5;3896,1;54,37;66382;53,48;3820,14;3525,65;3902,93;-6,83
02/03/2021;3888,5;3900,5;3827,9;3846,2;57,04;77778;47,16;3821,16;3528,84;3880,15;-33,95
03/03/2021;3805,8;3844,4;3722,9;3776,3;63,72;123446;40,03;3819,4;3531,3;3839,72;-63,42
04/03/2021;3766,8;3836,8;3730,9;3835,9;68,64;126192;47,34;3820,05;3534,33;3838,63;-2,73
07/03/2021;3827,6;3881,4;3798,6;3852,1;71,95;102572;49,16;3821,31;3537,49;3841,16;10,94
08/03/2021;3839,5;3903,2;3835,5;3894,5;74,24;63670;53,66;3824,18;3541,05;3846,73;47,77
09/03/2021;3862,7;3918;3860,2;3912,5;75,21;79338;55,46;3827,64;3544,74;3854,31;58,19
10/03/2021;3921,9;3960,3;3919,2;3944,8;76,43;52288;58,57;3832,24;3548,72;3860,69;84,11
11/03/2021;3935,6;3937,7;3911,1;3936,4;75,52;55448;57,45;3836,32;3552,58;3865,96;70,44
14/03/2021;3941,8;3969,7;3923,2;3968;72,61;37620;60,52;3841,48;3556,71;3870,56;97,44
15/03/2021;3972;3980,6;3952,9;3961,9;69,64;37926;59,63;3846,21;3560,74;3874,54;87,36
16/03/2021;3962,3;3983,1;3935,1;3972,6;65,03;54532;60,72;3851,16;3564,84;3880,31;92,29
17/03/2021;3980,9;3981,1;3911,9;3916,7;64,72;66760;52,67;3853,73;3568,34;3882,75;33,95
18/03/2021;3921,8;3934,3;3886,1;3911,1;62,41;68616;51,93;3855,98;3571,75;3884,58;26,52
21/03/2021;3907,5;3957;3897,8;3942,7;63,6;42888;55,72;3859,38;3575,45;3886,84;55,86
22/03/2021;3933,6;3951;3903,2;3911;61,83;54548;51,34;3861,41;3578,78;3887,98;23,02
23/03/2021;3910,7;3941,8;3890,5;3890,5;56,69;57076;48,68;3862,55;3581,89;3888,09;2,41
24/03/2021;3899,1;3919,7;3853,7;3910,7;53,84;76420;51,36;3864,44;3585,16;3889,43;21,27
25/03/2021;3927,6;3978,2;3914,3;3976,9;52,74;46848;58,92;3868,85;3589,06;3892,49;84,41
28/03/2021;3953,1;3981,4;3942,2;3968,2;50,71;59246;57,65;3872,74;3592,83;3895,69;72,51
29/03/2021;3969,3;3974,9;3943,8;3958,7;48,8;47680;56,23;3876,11;3596,47;3897,77;60,93
30/03/2021;3956,8;3994,1;3953,5;3977,4;48,29;26100;58,41;3880,09;3600,26;3899,18;78,22
31/03/2021;3986;4021,4;3983;4021,1;49,02;22148;63,04;3885,62;3604,45;4021,1;0
01/04/2021;4029,8;4048,3;4028,4;4037,9;47,64;6642;64,67;3891,59;3608,76;4024,98;12,92
04/04/2021;4034,5;4083,6;4033,3;4077,1;49,26;16665;68,19;3898,86;3613,42;4044,09;33,01
05/04/2021;4070,2;4085,7;4062,1;4074,7;47,51;27148;67,74;3905,76;3618,01;4055,53;19,17
06/04/2021;4076,5;4083,1;4066,2;4080,1;43,78;25284;68,24;3912,6;3622,61;4061,88;18,22
07/04/2021;4095,7;4098,5;4082;4098;41,65;18804;69,92;3919,87;3627,34;4067,7;30,3
08/04/2021;4099,4;4130,1;4090,1;4127,3;40,28;19042;72,47;3928;3632,31;4076,06;51,24
11/04/2021;4120,5;4132,3;4114,8;4127,8;38,11;22478;72,51;3935,84;3637,24;4083,41;44,39
12/04/2021;4126,7;4148,1;4110;4140,6;37,17;24308;73,65;3943,87;3642,25;4091,03;49,57
13/04/2021;4142,9;4151,7;4121;4125,5;34,65;28822;69,98;3950,99;3647,06;4095,73;29,77
14/04/2021;4138,4;4174,1;4137,7;4170,6;33,3;19511;74,12;3959,6;3652,27;4102,06;68,54
15/04/2021;4163,3;4190,9;4161,8;4182,9;32,58;22936;75,13;3968,36;3657,55;4109,36;73,54
18/04/2021;4175,5;4182;4149,6;4162,4;32,74;33828;70,22;3975,97;3662,57;4115,6;46,8
19/04/2021;4168,4;4172,7;4118;4133;33,74;41492;63,79;3982,13;3667,25;4117,79;15,21
20/04/2021;4134,2;4174,7;4122,2;4173,7;34,35;26784;68,14;3989,64;3672,29;4122;51,7
21/04/2021;4169,1;4179,4;4123,2;4135,4;36,42;43978;60,74;3995,35;3676,9;4123,48;11,92
22/04/2021;4138,5;4194,3;4137;4178,6;37,04;23760;65,32;4002,54;3681,89;4126,57;52,03
25/04/2021;4180,5;4193,6;4171,5;4185,8;36,93;21906;66,03;4009,73;3686,91;4129,48;56,32
26/04/2021;4193,5;4194,2;4174,8;4186,1;37,11;22790;66,06;4016,64;3691,87;4132,24;53,86
27/04/2021;4192,5;4202,1;4181,1;4184,6;37,29;26794;65,73;4023,23;3696,78;4135,07;49,53
28/04/2021;4208,8;4218,9;4176,1;4211,4;37,49;32218;68,7;4030,61;3701,9;4139,73;71,67
29/04/2021;4200,7;4203,7;4175,1;4182,1;38,84;36998;62,35;4036,55;3706,68;4142,51;39,59
02/05/2021;4196;4210,1;4188;4193;38,11;28862;63,69;4042,69;3711,51;4186,88;6,12
03/05/2021;4186,9;4191,4;4127,5;4165,1;40,6;53026;57,99;4047,49;3716,03;4177,16;-12,06
04/05/2021;4172,8;4187,4;4160,6;4165,9;39,04;32286;58,1;4052,13;3720,5;4174,76;-8,86
05/05/2021;4171,4;4202,7;4147,5;4202,7;40,91;49690;63,14;4058,03;3725,3;4181,67;21,03
06/05/2021;4204;4238,1;4198,8;4231,7;41,34;36436;66,55;4064,85;3730,34;4189,35;42,35
09/05/2021;4234,6;4239,1;4188,4;4188,9;41,05;36646;58,01;4069,71;3734,9;4189,29;-0,39
10/05/2021;4173,1;4175,8;4110,4;4152,7;42,91;75994;51,94;4072,96;3739,06;4181,35;-28,65
11/05/2021;4140,1;4152,6;4056,9;4063,9;45,74;84588;40,7;4072,61;3742,29;4158,48;-94,58
12/05/2021;4068;4131,8;4034,5;4112,1;48,48;86952;47,36;4074,16;3745,97;4150,75;-38,65
13/05/2021;4137,4;4183;4127,4;4173,5;51,96;43928;54,39;4078,05;3750,23;4152,52;20,98
16/05/2021;4168,7;4174,9;4142,1;4162,9;52,92;55540;53,07;4081,38;3754,33;4153,45;9,45
17/05/2021;4180,8;4183,3;4125,6;4126,9;55,54;36092;48,75;4083,17;3758,04;4151,99;-25,09
18/05/2021;4112,8;4117,1;4060,4;4114,6;57,24;84941;47,33;4084,4;3761,59;4147,71;-33,11
19/05/2021;4111,5;4173,5;4088,5;4158,8;60,71;39464;52,66;4087,32;3765,54;4148,27;10,53
20/05/2021;4167,8;4188,9;4151,1;4155,1;61,41;41746;52,19;4089,97;3769,42;4148,61;6,49
23/05/2021;4168,1;4209,3;4167,1;4196,6;60,61;23314;56,89;4094,16;3773,67;4149,94;46,66
24/05/2021;4213;4213,5;4182,9;4188,1;60,88;32674;55,68;4097,84;3777,79;4151,35;36,75
25/05/2021;4204,3;4207,5;4184,1;4197,2;58,61;26664;56,74;4101,74;3781,96;4152,7;44,5
26/05/2021;4184;4213,2;4182,5;4203,2;57,99;30540;57,46;4105,72;3786,16;4154,35;48,85
27/05/2021;4211,9;4220,2;4204;4204,5;55,59;20982;57,63;4109,59;3790,32;4155,45;49,05
30/05/2021;4209,2;4212,2;4193;4194;51,35;7166;55,75;4112,9;3794,33;4155,74;38,26
31/05/2021;4209,9;4232,8;4197;4200,5;47,28;27074;56,69;4116,33;3798,38;4200,5;0
01/06/2021;4198,3;4217,5;4193;4209,7;42,08;28000;58,05;4120;3802,47;4205,18;4,52
02/06/2021;4206,3;4206,7;4167,4;4193;40,04;38334;54,69;4122,86;3806,35;4200,18;-7,18
03/06/2021;4193,9;4233,8;4185,7;4230,3;41,13;25544;60,23;4127,07;3810,57;4206,65;23,65
06/06/2021;4223,4;4234,2;4215,9;4227,3;38,31;21934;59,6;4131;3814,72;4209,86;17,44
07/06/2021;4228,4;4238,4;4207,8;4227,8;35,75;27686;59,68;4134,8;3818,83;4212,81;14,99
08/06/2021;4227,7;4236,8;4218;4218;31,02;19062;57,4;4138,06;3822,8;4213,34;4,66
09/06/2021;4220,7;4249,6;4207,7;4238,4;31,31;31984;60,75;4142;3826,94;4216,99;21,41
10/06/2021;4240;4248,7;4231,8;4247,3;28,65;17994;62,15;4146,13;3831,12;4219,28;28,02
13/06/2021;4251,2;4257,2;4233,8;4255,3;28,14;17918;63,42;4150,41;3835,34;4221,81;33,49
14/06/2021;4266,3;4267,1;4237,7;4244;28,56;19430;60,35;4154,08;3839,41;4223,38;20,62
15/06/2021;4247,4;4251,3;4201,5;4221,8;29,93;33892;54,76;4156,73;3843,21;4223,2;-1,4
16/06/2021;4204,4;4232;4195,5;4222,3;31,32;42712;54,86;4159,3;3846,98;4223,09;-0,79
17/06/2021;4224,7;4226,5;4162,8;4164,8;34,5;54792;42,93;4159,52;3850,15;4215,23;-50,43
20/06/2021;4158,2;4226,6;4156,5;4224,1;36,74;46126;54,03;4162,05;3853,87;4216,14;7,96
21/06/2021;4228,8;4255,9;4216,3;4247,2;37,81;29720;57,5;4165,39;3857,78;4218,05;29,15
22/06/2021;4256,8;4257,6;4241,3;4241,9;35,96;25946;56,45;4168,39;3861,6;4219,27;22,63
23/06/2021;4251,2;4271,3;4250,2;4266,6;34,62;21916;60,11;4172,24;3865,63;4221,23;45,37
24/06/2021;4268;4287,4;4264,2;4281,4;34,97;18864;62,17;4176,52;3869,77;4223,29;58,11
27/06/2021;4284,6;4292;4274,7;4290,5;34,02;21997;63,41;4180,99;3873,96;4225,88;64,62
28/06/2021;4285;4300,6;4284,7;4291,1;33,81;22006;63,5;4185,31;3878,11;4228,3;62,8
29/06/2021;4293,1;4303,3;4278,6;4299,3;32,59;26388;64,71;4189,78;3882,3;4231,33;67,97
30/06/2021;4305;4320,6;4295,5;4320,6;33,17;25852;67,71;4194,91;3886,66;4320,6;0
01/07/2021;4320,5;4355,9;4318,5;4350,9;34,17;22804;71,44;4201,03;3891,28;4334,8;16,1
04/07/2021;4345,3;4354,4;4341,5;4349,8;32,99;10462;71,12;4206,86;3895,84;4337,46;12,34
05/07/2021;4350,3;4354,1;4314,1;4342,8;32,29;31840;68,99;4212,19;3900,29;4339,33;3,47
06/07/2021;4342,5;4362,3;4329,8;4359,5;32,01;34008;71,2;4217,97;3904,86;4344,82;14,68
07/07/2021;4335,7;4337,7;4288;4319,9;32,56;70378;60,25;4221,97;3908,99;4335,84;-15,94
08/07/2021;4323;4371,9;4321,8;4367,4;31,27;29460;66,84;4227,67;3913,55;4339,98;27,42
11/07/2021;4362,8;4387,4;4350,3;4384,9;31,09;28150;68,88;4233,84;3918,24;4344,97;39,93
12/07/2021;4379,1;4392,4;4365,3;4369,4;31,86;29826;65,05;4239,15;3922,73;4347,55;21,85
13/07/2021;4358,6;4392,7;4358,3;4374,9;32,22;32594;65,78;4244,48;3927,23;4350,38;24,52
14/07/2021;4371,7;4377,9;4340,5;4359,5;33,24;44490;61,9;4248,99;3931,53;4351,51;7,99
15/07/2021;4361,6;4375,7;4322,5;4327;35,8;39808;54,58;4252,05;3935,46;4349,06;-22,06
18/07/2021;4314,8;4314,8;4231,7;4258;41,47;78847;42,96;4252,28;3938,67;4334,06;-76,06
19/07/2021;4278,4;4337,2;4260,7;4324,4;45,36;48876;53,27;4255,11;3942,51;4333,16;-8,76
20/07/2021;4327,6;4360,4;4323,6;4359,2;46,2;38650;57,59;4259,19;3946,66;4334,94;24,26
21/07/2021;4364,3;4369,9;4349,9;4367,9;44,96;30720;58,63;4263,45;3950,85;4336,64;31,26
22/07/2021;4381,9;4415,8;4378,4;4411,6;47,46;21560;63,44;4269,26;3955,43;4339,25;72,35
25/07/2021;4398,2;4422,6;4383,7;4422,6;47,38;29880;64,55;4275,28;3960,08;4343,09;79,51
26/07/2021;4413,5;4419,7;4372,2;4401,7;48,66;51980;60,75;4280,23;3964,48;4347,45;54,25
27/07/2021;4397,9;4415,2;4385,7;4401;45,66;47528;60,63;4284,97;3968,82;4350,85;50,15
28/07/2021;4405,6;4429,7;4401,9;4419,2;43,99;24966;62,83;4290,23;3973,3;4353,06;66,14
29/07/2021;4380,2;4411,7;4377,6;4396,7;44,31;40374;58,47;4294,41;3977,51;4355,23;41,47
01/08/2021;4419,8;4426,3;4385;4387,7;45,33;35834;56,78;4298,07;3981,59;4392,47;-4,77
02/08/2021;4399,9;4423,5;4373;4423,5;46,48;36594;61,55;4302,99;3985,99;4402,54;20,96
03/08/2021;4421,6;4422,4;4399,5;4402,5;45,52;29026;57,54;4306,89;3990,14;4402,53;-0,03
04/08/2021;4403,4;4430,2;4402,7;4429;43,7;18119;61;4311,68;3994,5;4405,53;23,47
05/08/2021;4426,9;4440,2;4424,1;4436,7;38,04;20949;61,97;4316,58;3998,9;4409,14;27,56
08/08/2021;4425,3;4438,9;4423,8;4433,1;33,46;20768;61,2;4321,15;4003,22;4411,6;21,5
09/08/2021;4428,5;4445,1;4427,8;4436,8;32,07;19827;61,72;4325,69;4007,54;4413,86;22,94
10/08/2021;4434,7;4450,2;4428;4447,5;32,23;22304;63,27;4330,46;4011,92;4416,94;30,56
11/08/2021;4443,6;4462;4436,5;4461;30,63;14946;65,18;4335,58;4016,38;4419,48;41,52
12/08/2021;4461,4;4468,8;4460,3;4468;28,46;12080;66,16;4340,77;4020,88;4421,65;46,35
15/08/2021;4454,2;4479,7;4438,5;4479,2;27,8;25484;67,73;4346,2;4025,44;4426,6;52,6
16/08/2021;4461,4;4463,7;4417;4448,5;30,14;43780;59,58;4350,21;4029,65;4429,42;19,08
17/08/2021;4449,2;4453,8;4397,2;4399,2;32,13;36074;49,32;4352,14;4033,32;4426,52;-27,32
18/08/2021;4365,8;4419;4352,2;4407;33,93;72730;50,76;4354,29;4037,04;4423,36;-16,36
19/08/2021;4392,7;4444,2;4376;4440,4;35,85;42524;56,48;4357,66;4041,06;4424,83;15,57
22/08/2021;4456,8;4489,1;4448,8;4478,6;35,72;22102;61,93;4362,41;4045,41;4427,15;51,45
23/08/2021;4494;4494,5;4480,3;4486,3;35,14;19248;62,94;4367,27;4049,8;4429,28;57,02
24/08/2021;4485,8;4501,8;4481,9;4497;34,59;17350;64,35;4372,35;4054,25;4431,42;65,58
25/08/2021;4488,9;4496,7;4469;4470,3;35,44;37120;58,37;4376,19;4058,39;4433,88;36,42
26/08/2021;4481,9;4513,3;4477,4;4508,8;37,43;22242;63,62;4381,39;4062,87;4436,61;72,19
29/08/2021;4510,9;4537,5;4509,1;4528,5;38,24;11516;65,98;4387,16;4067,5;4438,31;90,19
30/08/2021;4542;4542,7;4515,8;4523,3;38,58;28512;64,79;4392,5;4072,04;4442,05;81,25
31/08/2021;4540,9;4542,2;4521,8;4523,3;38,21;18136;64,79;4397,63;4076,53;4523,3;0
01/09/2021;4525,9;4545,8;4524,8;4537;39,21;18002;66,63;4403,1;4081,11;4530,12;6,88
02/09/2021;4545,2;4551,1;4521,3;4535,6;38,4;24144;66,25;4408,29;4085,63;4532,32;3,28
05/09/2021;4540,8;4549,4;4539,8;4546,1;34,94;5133;67,75;4413,7;4090,21;4533,4;12,7
06/09/2021;4540,3;4541,5;4512,6;4520,8;33,29;20934;60,76;4417,9;4094,5;4530,34;-9,54
07/09/2021;4516,4;4522,7;4493,5;4513,5;30,61;39546;58,87;4421,65;4098,67;4525,05;-11,55
08/09/2021;4493,9;4530;4486,6;4492,2;28,84;35286;53,64;4424,41;4102,58;4517,86;-25,66
09/09/2021;4504,9;4519;4458;4459;29,71;36030;46,67;4425,77;4106,13;4507,11;-48,11
12/09/2021;4476,4;4494;4445,1;4469,6;32,07;53946;48,95;4427,49;4109,75;4499,05;-29,45
13/09/2021;4468,6;4488,4;4434,5;4443,5;34,5;38550;43,97;4428,12;4113,07;4491,66;-48,16
14/09/2021;4451,5;4487,2;4436,6;4481,5;36,11;32346;51,68;4430,21;4116,73;4490,64;-9,14
15/09/2021;4477,4;4486,6;4443,3;4473,6;36,14;33638;50,14;4431,91;4120,28;4489,03;-15,43
16/09/2021;4479,5;4482,5;4427,8;4432,5;37,99;44736;42,94;4431,93;4123,39;4482,71;-50,21
19/09/2021;4387,7;4393,4;4305,3;4358,2;45,16;82906;33,57;4429,04;4125,73;4461,35;-103,15
20/09/2021;4381,3;4406,6;4347,4;4353,9;47,93;67096;33,12;4426,1;4128;4448,26;-94,36
21/09/2021;4377,3;4416,6;4366,3;4395,6;50,8;52892;41,34;4424,9;4130,66;4443,64;-48,04
22/09/2021;4415;4465,5;4406;4449,7;53,66;43742;49,94;4425,87;4133,83;4444,05;5,65
23/09/2021;4440,1;4463,9;4421,1;4456,6;55,74;46288;50,93;4427,08;4137,05;4444,89;11,71
26/09/2021;4475,5;4477;4436,4;4443,9;56,24;44126;49,01;4427,74;4140,1;4444,83;-0,93
27/09/2021;4430,6;4431,6;4345,7;4355,7;61,17;80816;38,24;4424,91;4142,24;4436,03;-80,33
28/09/2021;4377,3;4388,9;4354,3;4359,3;60,54;60066;38,83;4422,34;4144,4;4430,78;-71,48
29/09/2021;4393,9;4397,9;4307,2;4307,2;62,66;71656;33,79;4417,82;4146,02;4421,46;-114,26
30/09/2021;4278,1;4376,2;4270,9;4353,2;66,69;77714;41,07;4415,29;4148,08;4353,2;0
03/10/2021;4335;4354,4;4278,5;4302;68,26;87636;36,29;4410,85;4149,62;4326,06;-24,06
04/10/2021;4301,4;4369,2;4297,4;4342,5;69,78;52008;42,03;4408,17;4151,54;4330;12,5
05/10/2021;4325,6;4366;4283,4;4364;72,59;85870;44,87;4406,43;4153,65;4339,63;24,37
06/10/2021;4388,3;4430,9;4381,8;4398,3;73,46;39828;49,16;4406,12;4156,08;4346,44;51,86
07/10/2021;4402,9;4416,4;4386,1;4391,1;66,54;54284;48,31;4405,53;4158,42;4352,54;38,56
10/10/2021;4378,5;4416,8;4360,1;4360,1;66,36;53652;44,73;4403,75;4160,43;4353,44;6,66
11/10/2021;4330,5;4374,4;4327,7;4350,2;65,21;65198;43,62;4401,65;4162,32;4353,03;-2,83
12/10/2021;4343,5;4374,6;4328,8;4365,1;63,49;60164;45,8;4400,21;4164,34;4354,29;10,81
13/10/2021;4390,4;4439,8;4382,9;4438,5;65,77;31570;55,03;4401,71;4167,06;4358,66;79,84
14/10/2021;4452,4;4476,4;4445,2;4471,9;65,58;30448;58,5;4404,47;4170,1;4364,06;107,84
17/10/2021;4460;4489,2;4445,3;4487,4;61,7;33414;60,04;4407,72;4173,25;4370,2;117,2
18/10/2021;4496,3;4520,7;4491,1;4520,2;61,61;24628;63,15;4412,13;4176,71;4375,5;144,7
19/10/2021;4514,6;4541,2;4513,3;4536,6;57,12;24504;64,64;4417,01;4180,29;4380,98;155,62
20/10/2021;4521,3;4551,9;4519,3;4551,7;51,93;24162;65,99;4422,29;4183,98;4386,52;165,18
21/10/2021;4544,3;4560,2;4524,2;4544,7;49,08;39616;64,75;4427,09;4187,57;4394,5;150,2
24/10/2021;4551,3;4572,1;4537,2;4566,7;46,44;27466;66,86;4432,57;4191,34;4400,32;166,38
25/10/2021;4580,1;4598,5;4569,2;4572,7;42,81;34336;67,44;4438,06;4195,14;4407,32;165,38
26/10/2021;4578,6;4584,6;4552,1;4553,3;40,36;43428;63,61;4442,58;4198,7;4414,44;138,86
27/10/2021;4553,7;4596,9;4553,5;4596,7;41,31;36410;67,99;4448,63;4202,66;4421,6;175,1
28/10/2021;4574,2;4608,2;4567,2;4603,7;40,19;39958;68,64;4454,71;4206,65;4429,13;174,57
31/10/2021;4611,3;4626,6;4594,2;4614,6;39,16;26432;69,68;4460,98;4210,71;4614,6;0
01/11/2021;4610,5;4635,2;4606,5;4631,9;37,94;22700;71,31;4467,68;4214,9;4622,59;9,31
02/11/2021;4626,3;4664,5;4621,4;4660,7;35,69;25810;73,83;4475,25;4219,34;4635,72;24,98
03/11/2021;4662,1;4682,8;4661,3;4681,6;34,56;24354;75,51;4483,34;4223,94;4646,97;34,63
04/11/2021;4679,9;4719,2;4675,1;4698,8;34,57;32584;76,82;4491,79;4228,66;4659,78;39,02
07/11/2021;4688,2;4714,1;4687,5;4707;34,09;27538;77,45;4500,23;4233,42;4667,93;39,07
08/11/2021;4695,1;4708;4670,8;4683,3;34,76;40812;71,47;4507,41;4237,9;4671,07;12,23
09/11/2021;4678,6;4686,6;4631,3;4637,8;36,38;48622;61,63;4512,52;4241,88;4664,57;-26,77
10/11/2021;4654,7;4667,2;4649,5;4653,8;35,91;27066;63,53;4518,06;4245,98;4663,51;-9,71
11/11/2021;4651,8;4684,1;4649,8;4677,1;35,86;24306;66,16;4524,3;4250,27;4664,61;12,49
14/11/2021;4685;4702,8;4672,6;4682,6;35,75;24508;66,77;4530,51;4254,57;4665,97;16,63
15/11/2021;4682,8;4714,6;4676,3;4708,9;36,16;23956;69,59;4537,5;4259,09;4668,92;39,98
16/11/2021;4700;4705,8;4684,4;4694;34,8;21938;66,16;4543,64;4263,42;4670,4;23,6
17/11/2021;4696,7;4708,3;4671,8;4703,5;34,48;27002;67,27;4549,91;4267,8;4672,65;30,85
18/11/2021;4723,2;4727,2;4688,2;4702,3;34,95;48310;66,97;4555,89;4272,12;4675,86;26,44
21/11/2021;4710,8;4743,6;4700,5;4725;35,98;38296;69,7;4562,52;4276,63;4679,75;45,25
22/11/2021;4676,2;4698,3;4653;4683,8;38,04;73890;60;4567,27;4280,68;4680,28;3,52
23/11/2021;4693,4;4698,9;4659,5;4694,3;39,28;66150;61,47;4572,26;4284,79;4681,77;12,53
24/11/2021;4719,9;4720,2;4704,2;4709;37,98;12986;63,5;4577,62;4289,01;4682,32;26,68
25/11/2021;4642,6;4646,5;4581,2;4582,5;45,21;113832;42,7;4577,81;4291,93;4667,2;-84,7
28/11/2021;4643,6;4673,4;4623,3;4665,2;49,04;72986;53,44;4581,24;4295,65;4667,02;-1,82
29/11/2021;4611,2;4647,1;4564,9;4579,9;52,26;115928;44,23;4581,18;4298,48;4656,27;-76,37
30/11/2021;4609,7;4653,4;4575;4581,4;55,76;83604;44,41;4581,19;4301,29;4650,16;-68,76
01/12/2021;4551,2;4592,1;4507,5;4582,1;59,35;116100;44,5;4581,23;4304,09;4643,23;-61,13
02/12/2021;4580;4608,1;4499,1;4502,1;64,98;114242;37,06;4578,13;4306,06;4630,37;-128,27
05/12/2021;4562,9;4613;4533,1;4594,2;70,16;90886;47,87;4578,76;4308,92;4627,92;-33,72
06/12/2021;4620,9;4694;4619,6;4687;75,54;46636;56,06;4583;4312,69;4629,9;57,1
07/12/2021;4701;4713,4;4674,3;4696,8;75,73;62512;56,83;4587,46;4316,51;4632,78;64,02
08/12/2021;4696,1;4701,1;4675,4;4679,4;74,78;52044;54,98;4591,07;4320,12;4634,39;45,01
09/12/2021;4672,1;4707,3;4669,8;4691,9;74,38;50004;56,09;4595,02;4323,82;4636,24;55,66
12/12/2021;4728,6;4730,8;4672,1;4685,6;73,43;57778;55,35;4598,57;4327,42;4638,01;47,59
13/12/2021;4676,8;4685;4605,3;4627,5;76,35;74666;48,97;4599,71;4330,4;4637,54;-10,04
14/12/2021;4635,4;4662;4611,3;4651;78,12;67418;51,41;4601,72;4333,59;4638,06;12,94
15/12/2021;4728,2;4751,9;4651,1;4662,3;76,2;73534;52,58;4604,1;4336,86;4639,03;23,27
16/12/2021;4661,5;4674,2;4598,8;4643,3;75,09;107118;50,38;4605,63;4339,91;4639,27;4,03
19/12/2021;4563,1;4577,4;4530,3;4555;76;105328;41,64;4603,65;4342,05;4634,92;-79,92
20/12/2021;4610,4;4647,3;4582,3;4647;76,99;63006;51,15;4605,35;4345,09;4635,28;11,72
21/12/2021;4645,9;4688,5;4632,2;4682,3;74,97;47798;54,23;4608,37;4348,44;4636,33;45,97
22/12/2021;4697,9;4737;4697,7;4736,8;71,09;21855;58,57;4613,4;4352,31;4637,34;99,46
26/12/2021;4728,2;4784,1;4722,7;4779,6;67,56;28030;61,65;4619,92;4356,56;4639,15;140,45
27/12/2021;4789,5;4806,1;4778,8;4787,8;62,38;38504;62,23;4626,5;4360,85;4641,7;146,1
28/12/2021;4793,5;4799,8;4778,3;4794,5;61,12;31340;62,73;4633,09;4365,16;4643,81;150,69
29/12/2021;4791,5;4807,8;4788,5;4799,7;60,66;24580;63,13;4639,63;4369,49;4645,48;154,22
30/12/2021;4773,4;4787;4764,6;4777,6;60,49;27742;60,15;4645,04;4373,55;4647,05;130,55
02/01/2022;4785,3;4799,5;4756,1;4790,9;59,4;45220;61,33;4650,76;4377,7;4785,84;5,06
03/01/2022;4804;4817,1;4773,8;4791,8;56,76;42832;61,41;4656,29;4381,82;4788,05;3,75
04/01/2022;4783,2;4797;4728,3;4733,8;58,04;53792;53,4;4659,33;4385,32;4770,84;-37,04
05/01/2022;4700,3;4725,5;4671;4711;55,32;105590;50,61;4661,35;4388,57;4747,88;-36,88
06/01/2022;4705,7;4709,9;4663;4690,8;53,36;69376;48,2;4662,51;4391,57;4736,39;-45,59
09/01/2022;4682,9;4690,3;4580,8;4644,5;53,15;84898;43,14;4661,8;4394,09;4718,22;-73,72
10/01/2022;4667,9;4710;4636,5;4705;51,81;72932;50,46;4663,5;4397,18;4716,3;-11,3
11/01/2022;4719,9;4748,5;4704,1;4725,7;50,96;65732;52,71;4665,94;4400,45;4717,39;8,31
12/01/2022;4713,2;4744,8;4683,9;4689,4;51,4;70580;48,55;4666,86;4403,33;4714,3;-24,9
13/01/2022;4670,8;4675,3;4614,6;4639,1;52,36;96166;43,44;4665,77;4405,67;4704,46;-65,36
16/01/2022;4657,5;4674,5;4654;4663,1;52,94;29928;46,34;4665,66;4408,23;4702,84;-39,74
17/01/2022;4641;4644,2;4570,5;4599,5;58,01;92476;40,42;4663,07;4410,14;4691,69;-92,19
18/01/2022;4551,3;4611;4543,9;4568,8;61,43;87326;37,91;4659,37;4411,72;4680,33;-111,53
19/01/2022;4535,7;4602;4535,4;4547,5;63,68;94122;36,22;4654,98;4413,07;4668,29;-120,79
20/01/2022;4463,2;4494,5;4413;4413,3;70,19;136776;27,83;4645,51;4413,07;4638,62;-225,32
23/01/2022;4425,2;4432,2;4221;4318,7;82,18;178442;23,67;4632,69;4412,13;4596,46;-277,76
24/01/2022;4368,5;4411,9;4284,3;4410,1;86,39;183606;33,95;4623,96;4412,11;4574,2;-164,1
25/01/2022;4368,2;4454,6;4354,5;4377,2;89,05;143576;32,26;4614,28;4411,76;4557,38;-180,18
26/01/2022;4304,4;4430;4272,1;4324,4;96,9;237644;29,71;4602,92;4410,89;4528,52;-204,12
27/01/2022;4350,4;4388,5;4273,9;4373,7;97,23;198182;34,89;4593,93;4410,52;4514,03;-140,33
30/01/2022;4435,4;4498;4403,9;4495;100,86;110756;45,51;4590,05;4411,36;4513,08;-18,08
31/01/2022;4502,4;4524,8;4483,5;4519;100,64;117604;47,34;4587,26;4412,44;4519;0
01/02/2022;4569,9;4591,6;4544,9;4584,4;101,47;98780;52,07;4587,15;4414,15;4548,86;35,54
02/02/2022;4537,9;4552,7;4490,8;4496;102,81;120528;46,05;4583,58;4414,96;4529,95;-33,95
03/02/2022;4534,5;4536,1;4447,1;4523,7;106,64;140524;48,07;4581,23;4416,04;4528,11;-4,41
06/02/2022;4504,1;4521,4;4480,7;4512,4;103,1;108485;47,3;4578,53;4417;4525,2;-12,8
07/02/2022;4487,7;4525,2;4465,4;4499,5;102,58;89184;46,37;4575,43;4417,82;4521,8;-22,3
08/02/2022;4538,6;4588,3;4528,9;4578,8;104,16;54334;52,52;4575,56;4419,42;4526,05;52,75
09/02/2022;4574;4590,2;4506,6;4509,1;100,53;107824;47,38;4572,95;4420,32;4523,87;-14,77
10/02/2022;4473,2;4528,1;4405,4;4419,7;94,21;121200;41,74;4566,94;4420,31;4510,7;-91
13/02/2022;4423,5;4434,3;4360,8;4392,3;90,34;163402;40,16;4560,1;4420,03;4493,45;-101,15
14/02/2022;4400,2;4474,9;4391,4;4463,5;89,16;105972;45,88;4556,31;4420,46;4490,87;-27,37
15/02/2022;4463,7;4488,2;4429,4;4475,7;82,08;94274;46,82;4553,15;4421,01;4489,78;-14,08
16/02/2022;4467,4;4473,1;4391,2;4391,5;79,93;119574;41,47;4546,81;4420,72;4481,63;-90,13
17/02/2022;4400;4411,6;4326,4;4374,7;77,14;105834;40,48;4540,06;4420,26;4474,32;-99,62
20/02/2022;4386,8;4396,3;4290,7;4294,8;81,73;89494;36,06;4530,44;4419,01;4464,51;-169,71
21/02/2022;4280,1;4363,7;4265,3;4316,2;83,57;157218;38,01;4522,04;4417,99;4451,51;-135,31
22/02/2022;4320,6;4349,8;4238;4243,5;84,87;105814;34,19;4511,12;4416,25;4439,93;-196,43
23/02/2022;4208,1;4245,3;4106,4;4240,8;88,44;291266;34,05;4500,52;4414,51;4413,46;-172,66
24/02/2022;4263,9;4385,4;4232,9;4368,1;96,26;164198;45,2;4495,32;4414,05;4410,3;-42,2
27/02/2022;4290,7;4389,6;4287;4337,4;99,31;163936;43,3;4489,13;4413,28;4405,55;-68,15
28/02/2022;4383,5;4402,8;4285,6;4303,3;101,34;151015;41,22;4481,84;4412,19;4303,3;0
01/03/2022;4309;4401,3;4282,3;4386,3;103,87;150242;47,78;4478,1;4411,93;4344,69;41,61
02/03/2022;4373,2;4421,4;4344;4369,3;100,64;131673;46,63;4473,83;4411,51;4352,18;17,12
03/03/2022;4343,7;4363,6;4284,7;4298,5;101,43;148420;42,1;4466,95;4410,38;4338,47;-39,97
06/03/2022;4281,4;4328,1;4218,5;4222,3;103,29;178808;37,83;4457,36;4408,51;4311,15;-88,85
07/03/2022;4159,7;4277,3;4145,8;4221,3;108,49;195105;37,78;4448,1;4406,65;4292,8;-71,5
08/03/2022;4192,3;4292,3;4182,7;4278;110,28;159690;42,78;4441,43;4405,37;4290,68;-12,68
09/03/2022;4272,9;4283,4;4209,5;4261,9;109,47;159776;41,75;4434,39;4403,94;4287,07;-25,17
10/03/2022;4265,7;4337,9;4230,3;4234,7;109,61;136028;40,01;4426,56;4402,26;4282,02;-47,32
13/03/2022;4235,6;4253,8;4161,1;4171,3;109,21;146769;36,21;4416,55;4399,96;4271,59;-100,29
14/03/2022;4170,7;4270,9;4138,2;4261,7;110,7;128086;44,32;4410,48;4398,58;4270,84;-9,14
15/03/2022;4291,8;4358,6;4251,2;4358,1;108,45;123957;51,42;4408,42;4398,18;4276,81;81,29
16/03/2022;4349;4411,3;4328,8;4410,6;103,45;125432;54,8;4408,51;4398,3;4285,49;125,11
17/03/2022;4393,2;4466,4;4373,7;4464,6;102,74;89460;58,03;4410,71;4398,96;4293,4;171,2
20/03/2022;4452,3;4482,2;4424,4;4460,6;98,5;94176;57,7;4412,66;4399,58;4300,83;159,77
21/03/2022;4451,2;4522,6;4449;4512,6;95,26;63870;60,81;4416,58;4400,7;4307,03;205,57
22/03/2022;4518;4518;4455,6;4455,8;94,19;73484;55,97;4418,12;4401,25;4311,88;143,92
23/03/2022;4459,4;4521,7;4457,9;4521,7;92,85;82184;59,96;4422,18;4402,45;4319,25;202,45
24/03/2022;4528,6;4546,3;4500,8;4544,7;88,27;74426;61,27;4426,99;4403,86;4326,21;218,49
27/03/2022;4524,1;4576;4517,2;4574,7;83,08;72590;62,98;4432,78;4405,56;4333,46;241,24
28/03/2022;4587,1;4637;4577,8;4631,5;79,7;80896;66,04;4440,57;4407,81;4342,86;288,64
29/03/2022;4628,4;4628,8;4580,4;4601,6;78,07;61878;63,09;4446,89;4409,74;4348,95;252,65
30/03/2022;4615,3;4617,8;4531,9;4536,4;76,52;66834;57,09;4450,4;4411;4353,6;182,8
31/03/2022;4552,9;4560,8;4506,9;4544,1;73,75;67032;57,6;4454,07;4412,33;4544,1;0
03/04/2022;4551,3;4584,7;4535,5;4584,7;67,79;48026;60,29;4459,2;4414,04;4561,05;23,65
04/04/2022;4579,3;4593,9;4513,6;4526,4;65,85;59530;54,9;4461,83;4415,16;4549,23;-22,83
05/04/2022;4531,2;4533;4449,5;4480;65,92;89884;50,99;4462,54;4415,8;4525,7;-45,7
06/04/2022;4471,4;4521,9;4450,4;4501,4;64,41;99186;52,66;4464,07;4416,66;4519,07;-17,67
07/04/2022;4514,6;4525,6;4474,7;4490,5;63,91;71758;51,7;4465,1;4417,39;4514,37;-23,87
10/04/2022;4467,4;4487,1;4409;4415,3;64,48;85835;45,48;4463,15;4417,37;4498,05;-82,75
11/04/2022;4400,6;4471,9;4380,9;4397,9;66,52;96300;44,16;4460,59;4417,18;4482,43;-84,53
12/04/2022;4422,2;4454,3;4388,9;4448,3;66,49;80960;48,8;4460,11;4417,49;4478,48;-30,18
13/04/2022;4449,7;4460,5;4390,5;4391,5;68,24;80044;44,33;4457,42;4417,23;4469,54;-78,04
17/04/2022;4380,9;4411;4369,5;4392;67;51056;44,37;4454,85;4416,98;4464,76;-72,76
18/04/2022;4406,2;4471,8;4376,7;4464,8;69,34;69196;51,04;4455,24;4417,45;4464,77;0,03
19/04/2022;4444,4;4489;4438,4;4460,8;69,31;74828;50,68;4455,46;4417,88;4464,46;-3,66
20/04/2022;4481,7;4513,8;4384,3;4397,3;72,42;92756;45,24;4453,18;4417,68;4458,62;-61,32
21/04/2022;4391,2;4397,2;4267,9;4272,7;77,81;94052;36,86;4446,1;4416,24;4443,55;-170,85
24/04/2022;4227,8;4298,8;4199,6;4298,3;81,39;138288;39,35;4440,31;4415,06;4428,09;-129,79
25/04/2022;4293,5;4295,5;4175;4176;84,46;103020;32,72;4429,94;4412,68;4409,56;-233,56
26/04/2022;4200,7;4241,8;4162,5;4182,3;84,16;146326;33,35;4420,23;4410,39;4388,08;-205,78
27/04/2022;4211,8;4308,9;4188,1;4288,6;88,09;120592;42,94;4415,07;4409,18;4380,89;-92,29
28/04/2022;4274,2;4279,2;4124,1;4134,1;96,21;113814;35,04;4404,05;4406,44;4365,13;-231,03
01/05/2022;4158;4170,3;4061,8;4155,3;98,14;141550;36,76;4394,3;4403,94;4145,85;9,45
02/05/2022;4160,7;4200,8;4134,6;4172,8;96,36;125490;38,22;4385,61;4401,64;4154,73;18,07
03/05/2022;4183,2;4308,3;4148,3;4300,5;103,12;107652;47,66;4382,27;4400,64;4186,85;113,65
04/05/2022;4294,3;4305,5;4105,3;4151,8;112,42;150565;39,99;4373,23;4398,16;4178,6;-26,8
05/05/2022;4139,8;4158,3;4067,7;4124;115,93;182432;38,74;4363,46;4395,43;4166,47;-42,47
08/05/2022;4087,1;4098,1;3975,2;3991;119,76;162482;33,35;4348,85;4391,41;4137,5;-146,5
09/05/2022;4034,9;4070,5;3957,8;4001,3;124,2;161672;34,11;4335,22;4387,53;4118,28;-116,98
10/05/2022;4015,5;4054,5;3928,8;3936;123,93;166920;31,63;4319,57;4383,03;4095,1;-159,1
11/05/2022;3953,2;3965;3859;3931,5;122,26;212086;31,46;4304,35;4378,54;4072,34;-140,84
12/05/2022;3965,2;4039,8;3954,7;4025;122,91;103958;38,81;4293,39;4375,02;4069,32;-44,32
15/05/2022;3995,7;4046,7;3983,3;4009,4;118,63;120124;38,07;4282,26;4371,39;4065,2;-55,8
16/05/2022;4029,9;4091;4026,9;4088,5;118,79;106566;43,86;4274,66;4368,57;4066,54;21,96
17/05/2022;4076,3;4083,4;3912,3;3927,3;122,34;95134;36,4;4261,04;4364,18;4059,75;-132,45
18/05/2022;3906,6;3946,2;3859;3901,2;116,81;181380;35,35;4246,93;4359,57;4046,26;-145,06
19/05/2022;3921,5;3952,1;3810,4;3903,2;119,19;122418;35,5;4233,45;4355,03;4038,49;-135,29
22/05/2022;3956,9;3982,5;3909;3974,2;120,12;126050;40,87;4223,28;4351,24;4035,09;-60,89
23/05/2022;3921,6;3956,3;3873,9;3942,6;115,86;126875;39,3;4212,27;4347,18;4030,41;-87,81
24/05/2022;3968,2;3999,2;3916;3978,2;107,5;125944;42;4203,09;4343,51;4027,91;-49,71
25/05/2022;3975,9;4074,7;3962,1;4059,5;109,07;100908;47,71;4197,46;4340,68;4029,07;30,43
26/05/2022;4055,8;4158;4049,9;4157,5;106,16;71670;53,64;4195,9;4338,86;4032,35;125,15
29/05/2022;4193,7;4203,9;4168,3;4179,9;101,43;32120;54,9;4195,27;4337,27;4034,02;145,88
30/05/2022;4150,4;4169,1;4104,8;4134,6;97,81;121234;51,84;4192,89;4335,26;4038,15;96,45
31/05/2022;4144,2;4166,3;4073,3;4099;96,89;112472;49,5;4189,21;4332,91;4099;0
01/06/2022;4101,1;4177,6;4073,2;4175,8;96,61;110138;54,29;4188,68;4331,34;4137;38,8
02/06/2022;4178;4178,2;4098,1;4107,6;97,8;99852;49,77;4185,5;4329,12;4127,89;-20,29
05/06/2022;4134,7;4169,3;4108,6;4122,1;96,38;85088;50,71;4183,02;4327,06;4126,68;-4,58
06/06/2022;4097,7;4165,1;4077;4159,1;90,09;76466;53,12;4182,08;4325,39;4131,81;27,29
07/06/2022;4148,2;4160,3;4106,5;4115;87,7;80944;49,99;4179,45;4323,29;4129,4;-14,4
08/06/2022;4105,2;4144,2;4017;4017;86,66;104308;43,8;4173,08;4320,25;4111,88;-94,88
09/06/2022;4027,3;4030,1;3900;3900,5;90,29;112572;37,81;4162,39;4316,07;4081,44;-180,94
12/06/2022;3827,2;3841,4;3735,1;3753,6;94,94;136576;31,89;4146,36;4310,47;4032,69;-279,09
13/06/2022;3798,9;3802,4;3707,2;3739,2;95,8;124052;31,37;4130,39;4304,79;3997,77;-258,57
14/06/2022;3754,3;3839,2;3720,7;3788,5;96,22;133444;35,25;4116,98;4299,65;3974,02;-185,52
15/06/2022;3810,1;3818,6;3638,7;3668,7;101,35;165910;30,7;4099,4;4293,37;3936,27;-267,57
16/06/2022;3685,6;3709,6;3635,7;3672,2;103,31;131004;30,98;4082,65;4287,19;3912,78;-240,58
19/06/2022;3687,6;3721,2;3679,4;3713,4;101,45;46085;34,35;4068,17;4281,48;3906,73;-193,33
20/06/2022;3721,1;3780,2;3720,9;3764,5;99,58;67002;38,36;4056,26;4276,34;3900,72;-136,22
21/06/2022;3718,9;3802,1;3689,9;3760,4;100,14;99285;38,16;4044,66;4271,2;3892,45;-132,05
22/06/2022;3743,1;3802,7;3732,1;3796,5;99,46;130356;41,09;4034,93;4266,48;3885,56;-89,06
23/06/2022;3818,6;3913,7;3813,9;3913,4;103,42;59804;49,46;4030,16;4262,97;3886,45;26,95
26/06/2022;3910;3944,5;3888,9;3900,2;101,1;86386;48,62;4025,06;4259,36;3887,06;13,14
27/06/2022;3917,6;3946,2;3819,3;3822,6;106,32;89744;43,9;4017,12;4255,01;3884,24;-61,64
28/06/2022;3811,6;3835,7;3797,2;3816,7;99,99;102307;43,55;4009,26;4250,65;3881,03;-64,33
29/06/2022;3803,4;3819,9;3737,5;3788,1;96,58;126806;41,83;4000,59;4246,05;3875,86;-87,76
30/06/2022;3753;3830,4;3742;3825,9;91,08;111268;44,93;3993,74;4241,87;3825,9;0
03/07/2022;3807,2;3819,3;3794,6;3811,3;86,51;32224;43,96;3986,59;4237,58;3822,62;-11,32
04/07/2022;3842,5;3842,5;3742,1;3831,6;85,22;112444;45,72;3980,51;4233,54;3826,57;5,03
05/07/2022;3826,9;3871,8;3808,5;3843,8;76,89;112360;46,8;3975,15;4229,67;3831,82;11,98
06/07/2022;3836,4;3910,6;3836,3;3903,1;76,92;83558;51,83;3972,32;4226,42;3845;58,1
07/07/2022;3887,7;3918,6;3864,7;3897,1;77,27;86721;51,3;3969,37;4223,14;3853,39;43,71
10/07/2022;3862,4;3882,6;3847,5;3854;76,04;73766;47,55;3964,85;4219,47;3853,47;0,53
11/07/2022;3831,7;3873,8;3801,5;3820,8;73,19;81080;44,83;3959,2;4215,5;3849,65;-28,85
12/07/2022;3829,8;3868,2;3748,6;3800,1;76,69;111972;43,18;3952,96;4211,37;3842,76;-42,66
13/07/2022;3789,4;3801,8;3720;3789,7;74,16;124186;42,33;3946,56;4207,17;3835,67;-45,97
14/07/2022;3785,6;3863,2;3777,6;3863,2;76,31;79406;49,82;3943,29;4203,75;3837,84;25,36
17/07/2022;3884,6;3905,9;3817,9;3830,4;73,53;64590;46,89;3938,86;4200,03;3837,39;-6,99
18/07/2022;3839,2;3939,4;3831,5;3934,1;78,56;59336;55,74;3938,67;4197,39;3842,45;91,65
19/07/2022;3948,8;3973,9;3918,9;3959,3;76,61;78548;57,59;3939,48;4195,02;3850,03;109,27
20/07/2022;3947,7;3998,5;3927,3;3998,3;75,38;107310;60,35;3941,79;4193,06;3862,1;136,2
21/07/2022;3984,3;4013;3938,5;3961,8;78,46;82490;56,64;3942,57;4190,76;3867,96;93,84
24/07/2022;3958,2;3985,4;3943,3;3967,8;74,3;71604;57,1;3943,56;4188,54;3872,82;94,98
25/07/2022;3954,6;3961,5;3910,4;3920,6;73,88;58280;52,32;3942,66;4185,88;3874,64;45,96
26/07/2022;3952,8;4040;3949,8;4021,5;77,1;65432;60,03;3945,75;4184,24;3880,66;140,84
27/07/2022;4015,5;4079,1;3991,6;4072,1;79,5;76726;63,24;3950,71;4183,12;3889,43;182,67
28/07/2022;4100,9;4140,6;4078,5;4131,8;80,85;63310;66,64;3957,81;4182,61;3898,27;233,53
31/07/2022;4118;4145,4;4094,8;4118,4;79,3;69890;65,18;3964,11;4181,97;4118,4;0
01/08/2022;4100,1;4140,7;4078,9;4092;75,17;82796;62,29;3969,12;4181,08;4104,08;-12,08
02/08/2022;4098,9;4167,8;4090,6;4152,8;74,84;63692;66,03;3976,33;4180,8;4118,42;34,38
03/08/2022;4153,7;4170,9;4134,8;4152,1;71,31;83884;65,95;3983,22;4180,51;4127,83;24,27
04/08/2022;4156,5;4159,6;4101,7;4146,7;69,16;74718;65,28;3989,63;4180,18;4131,59;15,11
07/08/2022;4153,8;4186,9;4128,3;4140,1;65,56;64706;64,42;3995,53;4179,78;4132,84;7,26
08/08/2022;4146;4151;4111,6;4123,1;64,44;61090;62,16;4000,53;4179,21;4131,66;-8,56
09/08/2022;4117,8;4211,2;4112,1;4207,9;66,44;59510;68,17;4008,67;4179,5;4139,75;68,15
10/08/2022;4217,3;4257,7;4200,6;4207,3;65,19;65658;68,08;4016,46;4179,78;4146,84;60,46
11/08/2022;4218,2;4279,8;4214,7;4278,3;67,36;43582;72,34;4026,72;4180,76;4155,4;122,9
14/08/2022;4267,1;4301,5;4246,1;4295,2;67,22;38140;73,25;4037,25;4181,89;4162,93;132,27
15/08/2022;4285,9;4325,8;4276;4306,3;62,25;46960;73,86;4047,8;4183,13;4171,85;134,45
16/08/2022;4302,7;4303,2;4252,7;4273;59,83;66580;68,79;4056,64;4184,03;4180,05;92,95
17/08/2022;4266,9;4292,3;4255,2;4284,5;57,59;64392;69,57;4065,57;4185,03;4187,65;96,85
18/08/2022;4257,9;4265,9;4218,6;4229,1;58,68;52642;61,6;4071,98;4185,46;4189,97;39,13
21/08/2022;4204,3;4210,1;4129,2;4138,9;61,4;57220;51,3;4074,61;4185;4187,04;-48,14
22/08/2022;4123,3;4159,2;4122,1;4128,4;58,54;67764;50,25;4076,72;4184,44;4183,3;-54,9
23/08/2022;4122,1;4156,7;4108,8;4140,2;59,38;57816;51,45;4079,21;4184;4181,08;-40,88
24/08/2022;4153,3;4200,5;4145,9;4200,5;59,55;62158;57,17;4083,96;4184,16;4182,1;18,4
25/08/2022;4194,1;4215,6;4057,8;4058,3;66,64;78298;44,01;4082,96;4182,91;4174,41;-116,11
28/08/2022;4031;4063,3;4014,5;4029,5;67,31;77080;41,91;4080,86;4181,38;4166,07;-136,57
29/08/2022;4043,6;4071,6;3964,7;3986,2;67,86;82860;38,9;4077,15;4179,44;4155,58;-169,38
30/08/2022;4009,5;4015,6;3954,7;3954,7;68,14;102212;36,82;4072,35;4177,2;4142,11;-187,41
31/08/2022;3933,2;3970,5;3902,5;3968,5;67,81;109078;38,37;4068,27;4175,13;4130,51;-162,01
01/09/2022;3971;4018,7;3905,7;3924,2;71,93;96103;35,38;4062,62;4172,63;4119,04;-194,84
04/09/2022;3935,9;3941,9;3918,1;3936;70,07;39044;36,79;4057,66;4170,28;4115;-179
05/09/2022;3942,9;3961,7;3886,3;3909,8;71,63;100426;34,96;4051,86;4167,69;4103,97;-194,17
06/09/2022;3905,1;3988,3;3893,5;3980,6;75,75;85206;43,19;4049,07;4165,82;4098,59;-117,99
07/09/2022;3981,1;4010,9;3942,2;4005,2;75,95;106820;45,76;4047,35;4164,23;4093,75;-88,55
08/09/2022;4016,7;4076,9;4016,3;4067,4;73,94;58236;51,71;4048,13;4163,26;4093,02;-25,62
11/09/2022;4075,8;4119,4;4073;4110,9;75;76041;55,4;4050,59;4162,74;4093,64;17,26
12/09/2022;4126,4;4155,4;3920,1;3930,1;88,39;91900;41,29;4045,87;4160,43;4087,07;-156,97
13/09/2022;3942,5;3962,4;3910,4;3946,7;87,79;99984;42,74;4041,98;4158,3;4081,19;-134,49
14/09/2022;3957;3958,1;3887,5;3900,8;81,56;95390;39,82;4036,44;4155,74;4074,25;-173,45
15/09/2022;3870,2;3877,5;3836;3874,3;82,71;89765;38,21;4030,08;4152,94;4067,27;-192,97
18/09/2022;3855,8;3901,9;3829;3901,4;80,28;83113;40,85;4025,04;4150,43;4062,08;-160,68
19/09/2022;3909,3;3919,5;3826,9;3856,1;82,54;79194;37,93;4018,41;4147,51;4056,11;-200,01
20/09/2022;3847,6;3907,7;3788,7;3789;86,19;95637;34,04;4009,42;4143,94;4047,09;-258,09
21/09/2022;3762;3816,8;3748,9;3756,4;82,96;135617;32,31;3999,49;4140,08;4033,79;-277,39
22/09/2022;3746,5;3747,1;3646,4;3696,6;89,12;103078;29,36;3987,62;4135,67;4022,46;-325,86
25/09/2022;3664,3;3715,8;3643,6;3655,4;88,89;126858;27,49;3974,59;4130,89;4007,89;-352,49
26/09/2022;3690,1;3717,7;3621,7;3647,7;88,98;113114;27,15;3961,77;4126,08;3995,57;-347,87
27/09/2022;3619,9;3737,2;3599,9;3718,5;93,88;145020;35,24;3952,23;4122,03;3983,94;-265,44
28/09/2022;3711,4;3721,4;3609,7;3638,9;96,74;158966;31,06;3939,94;4117,22;3968,75;-329,85
29/09/2022;3654,5;3680,5;3584,1;3590,3;99,91;134848;28,81;3926,23;4111,98;3955,14;-364,84
02/10/2022;3589,7;3698,6;3574,7;3676,3;91,95;106054;37,43;3916,43;4107,64;3628,16;48,14
03/10/2022;3717,6;3791,3;3714,7;3790,3;96,45;98774;46,66;3911,48;4104,48;3675,31;114,99
04/10/2022;3769,1;3807,4;3721,7;3780,4;97,53;98024;46,02;3906,34;4101,26;3698,84;81,56
05/10/2022;3797,6;3805;3738,5;3743,8;97,65;132572;43,66;3899,97;4097,7;3709,3;34,5
06/10/2022;3726,1;3751,7;3620,7;3642,7;101,8;102124;37,87;3889,88;4093,18;3699,18;-56,48
09/10/2022;3619,6;3655,1;3588,2;3612;99,96;95980;36,3;3878,98;4088,39;3688,29;-76,29
10/10/2022;3584,9;3641,2;3567,7;3586,7;96,71;126520;35,01;3867,52;4083,4;3673,93;-87,23
11/10/2022;3612,8;3622,5;3573,6;3575,9;95,36;126769;34,45;3856,08;4078,35;3661,76;-85,86
12/10/2022;3584,3;3687;3490,3;3668;101,55;150540;42,88;3848,71;4074,26;3662,57;5,43
13/10/2022;3691,8;3721,6;3580,8;3587,8;106,45;142224;38,26;3838,48;4069,42;3654,48;-66,68
16/10/2022;3615;3691,6;3605,7;3678,4;107,01;92762;45,41;3832,2;4065,53;3656,05;22,35
17/10/2022;3734,8;3765,1;3685,4;3722,4;103,39;111183;48,53;3827,89;4062,12;3660,91;61,49
18/10/2022;3727,3;3741,5;3665,6;3696,9;100,84;111614;46,86;3822,76;4058,48;3663,38;33,52
19/10/2022;3673,1;3735,5;3655,5;3663,5;99,66;142950;44,69;3816,51;4054,55;3663,39;0,11
20/10/2022;3655,9;3758,2;3630,9;3753,5;99,91;122320;51,24;3814,04;4051,56;3669,2;84,3
23/10/2022;3760,6;3811;3725,9;3799,5;97,77;122929;54,23;3813,47;4049,05;3677,14;122,36
24/10/2022;3804,9;3863,2;3779,1;3861;97,66;75658;57,94;3815,33;4047,18;3683,78;177,22
25/10/2022;3826,4;3886,5;3820,6;3830,5;97,61;96198;55,53;3815,93;4045,02;3690,23;140,27
26/10/2022;3849,1;3859,7;3803,3;3807,8;92,29;128554;53,75;3815,61;4042,66;3696,74;111,06
27/10/2022;3774,7;3905,8;3766,2;3900,8;97,48;89374;59,49;3818,95;4041,25;3704,32;196,48
30/10/2022;3892;3895,3;3861,9;3873,5;95,01;72094;57,25;3821,09;4039,58;3709,24;164,26
31/10/2022;3897,4;3917,4;3842,8;3855,5;96,84;82892;55,75;3822,44;4037,75;3855,5;0
01/11/2022;3861,4;3895,5;3757,3;3758,3;92,66;93384;48,39;3819,92;4034,97;3804,01;-45,71
02/11/2022;3763,2;3771,7;3694,3;3717,5;88,14;111204;45,67;3815,91;4031,81;3770,54;-53,04
03/11/2022;3737,9;3797,3;3704,2;3772,3;87,37;123022;49,76;3814,2;4029,23;3771,07;1,23
06/11/2022;3766,8;3807,9;3749,3;3801,2;85,36;80460;51,82;3813,69;4026,96;3776,01;25,19
07/11/2022;3804,3;3859,6;3785,6;3814,6;85,23;61458;52,79;3813,72;4024,85;3780,3;34,3
08/11/2022;3818,3;3836,8;3752,7;3755,7;85,52;89074;48,21;3811,45;4022,17;3776,89;-21,19
09/11/2022;3755,9;3930,9;3745,3;3929,9;89,69;103310;59,42;3816,09;4021,25;3798,11;131,79
10/11/2022;3980,5;4001,7;3943,7;4000,2;88,74;86430;62,91;3823,31;4021,04;3819,12;181,08
13/11/2022;3980,5;4008,7;3966,1;3994,7;85,77;65798;62,46;3830,03;4020,78;3832;162,7
14/11/2022;3979,1;4041,9;3951,2;3993;87,54;104293;62,31;3836,42;4020,5;3848,77;144,23
15/11/2022;3997,1;4006,1;3955;3967;87,16;84160;59,95;3841,55;4019,97;3857,94;109,06
16/11/2022;3963,4;3981,2;3903,4;3935,3;82,75;90832;57,11;3845,22;4019,13;3863,91;71,39
17/11/2022;3941,3;3984,6;3934,1;3953,4;83,58;72312;58,32;3849,46;4018,47;3869,09;84,31
20/11/2022;3951,6;3963;3932,8;3950;80,41;57644;57,99;3853,41;4017,79;3872,66;77,34
21/11/2022;3948,6;3995,3;3937,8;3994,3;74,64;51786;61,1;3858,93;4017,56;3877,3;117
22/11/2022;4003,3;4033,2;3995,5;4026,5;71,89;48536;63,23;3865,5;4017,65;3882,45;144,05
23/11/2022;4035,9;4043,1;4031,4;4037,1;66,43;26184;63,93;3872,23;4017,84;3885,28;151,82
24/11/2022;4037,4;4039,6;4018,9;4028,7;63,72;31316;62,9;3878,37;4017,95;3888,34;140,36
27/11/2022;4003,5;4013;3962,6;3964,1;63,16;51616;55,55;3881,73;4017,41;3890,92;73,18
28/11/2022;3976,7;3984,7;3936,5;3951;60,59;56256;54,17;3884,45;4016,75;3893,07;57,93
29/11/2022;3960,3;4038,6;3937,9;4035,3;54,53;70354;60,91;3890,36;4016,94;3899,17;136,13
30/11/2022;4078,8;4102;4049,7;4081,2;54,16;83002;64,02;3897,85;4017,58;4081,2;0
01/12/2022;4070,6;4079,1;4002;4067,8;56,78;68762;62,46;3904,51;4018,08;4075,13;-7,33
04/12/2022;4066,9;4067,2;3984,1;3991,4;56,28;57076;54,33;3907,92;4017,81;4052,25;-60,85
05/12/2022;4000,7;4010,4;3918;3926,5;59,23;59826;48,55;3908,65;4016,9;4024,24;-97,74
06/12/2022;3941,2;3958,1;3910,9;3930,7;57,04;74336;48,93;3909,51;4016,04;4003,97;-73,27
07/12/2022;3919,1;3974,3;3918,9;3956,3;57,39;64724;51,28;3911,35;4015,45;3996,4;-40,1
08/12/2022;3974,8;3987,1;3928,2;3958,4;59,44;60900;51,48;3913,19;4014,88;3991,47;-33,07
11/12/2022;3931,6;3969,8;3927,3;3968,8;58,37;51562;52,51;3915,37;4014,42;3989,22;-20,42
12/12/2022;3992,4;4141,4;3987,6;4016,5;67,92;106964;57;3919,34;4014,44;3993,87;22,63
13/12/2022;4031;4054,1;3962;3988,3;73,31;85836;53,76;3922,04;4014,18;3993,2;-4,9
14/12/2022;3996;3999,5;3877,3;3901,8;80,56;96878;45,27;3921,25;4013,07;3982,27;-80,47
15/12/2022;3901,2;3902,2;3826,2;3845,7;81,27;87436;40,77;3918,29;4011,4;3968,96;-123,26
18/12/2022;3858,3;3869,6;3799,2;3803,2;82,86;61058;37,71;3913,77;4009,33;3958,4;-155,2
19/12/2022;3790,6;3838,9;3784,1;3824,1;79,58;85072;40,09;3910,26;4007,49;3947,45;-123,35
20/12/2022;3839,3;3890,6;3829,5;3877,4;79,56;58134;45,78;3908,97;4006,19;3943,75;-66,35
21/12/2022;3887,8;3891,5;3763,5;3802;83,05;68658;39,99;3904,77;4004,16;3935,44;-133,44
22/12/2022;3828,7;3846,4;3796,3;3841,9;80,65;83892;44,02;3902,31;4002,54;3929,18;-87,28
26/12/2022;3869,2;3874,5;3811,6;3828,1;78,54;54200;42,95;3899,4;4000,81;3924,99;-96,89
27/12/2022;3837,5;3849,1;3788,3;3799;79,51;60070;40,69;3895,46;3998,8;3919,46;-120,46
28/12/2022;3783,2;3859;3780,7;3851;81,15;53292;46,14;3893,72;3997,33;3916,89;-65,89
29/12/2022;3831;3839,7;3798,6;3804,9;80,69;56528;42,42;3890,23;3995,42;3912,61;-107,71
02/01/2023;3846,7;3883,4;3793,1;3815,1;84,1;88474;43,5;3887,29;3993,62;3811,12;3,98
03/01/2023;3831;3873,7;3814,7;3846,9;75,99;77549;46,87;3885,7;3992,16;3823,59;23,31
04/01/2023;3847,9;3862,7;3801,3;3822,9;73,79;83305;44,7;3883,24;3990,48;3823,4;-0,5
05/01/2023;3820,5;3903;3797,8;3901;72,58;75339;52,4;3883,94;3989,59;3838,74;62,26
08/01/2023;3904,9;3951,1;3894,7;3903;71,18;56323;52,58;3884,68;3988,73;3847,01;55,99
09/01/2023;3887,6;3915,9;3870;3907,6;69,43;68852;53,03;3885,58;3987,92;3855,25;52,35
10/01/2023;3917,6;3959,3;3912,7;3956,8;69,21;45559;57,61;3888,38;3987,61;3863,63;93,17
11/01/2023;3967,4;3999,2;3932,2;3985,8;69,24;87042;60,08;3892,2;3987,59;3880,27;105,53
12/01/2023;3976,8;3991,7;3941,1;3990,2;63,71;58323;60,45;3896,04;3987,62;3889,47;100,73
15/01/2023;3996,9;4001,5;3978,1;3990,6;61,81;19359;60,49;3899,75;3987,65;3892,2;98,4
16/01/2023;3983,3;4016,4;3981,7;3994,9;59,79;48991;60,91;3903,48;3987,72;3898,77;96,13
17/01/2023;3998,6;4015;3938,6;3944,8;60,91;57898;53,78;3905,1;3987,29;3902,01;42,79
18/01/2023;3921,5;3927;3885,3;3918,1;59,56;65555;50,39;3905,61;3986,6;3903,19;14,91
19/01/2023;3907;3956,5;3894,8;3956,3;60,23;48386;54,78;3907,6;3986,3;3905,94;50,36
22/01/2023;3970,9;4039,6;3963,2;4008,3;59,73;47140;59,97;3911,55;3986,52;3910,84;97,46
23/01/2023;4020;4024,3;3988,8;4021,7;58,05;52215;61,2;3915,87;3986,87;3916,42;105,28
24/01/2023;4002;4015,5;3948,3;4011,9;58,91;54579;59,75;3919,63;3987,12;3921,19;90,71
25/01/2023;4019,2;4052,1;4012,7;4047,3;54,26;64864;63,15;3924,64;3987,72;3928,27;119,03
26/01/2023;4047;4089,2;4041,8;4088;53,62;47653;66,64;3931,05;3988,72;3934,59;153,41
29/01/2023;4054,8;4063,8;4021,7;4025,7;55,08;59777;57,64;3934,76;3989,08;3938,9;86,8
30/01/2023;4017;4059,7;3993,3;4057,2;56,13;55074;60,54;3939,56;3989,76;3943,84;113,36
31/01/2023;4064,5;4115,5;4035,7;4103,7;57,04;62550;64,42;3946;3990,9;4103,7;0
01/02/2023;4129,6;4195,4;4122,9;4150,3;59,98;74764;67,83;3954,01;3992,48;4129,07;21,23
02/02/2023;4154,9;4182;4120;4130,7;62,74;84187;65,01;3960,94;3993,86;4129,69;1,01
05/02/2023;4116;4124,1;4092,2;4114,2;63,01;64075;62,64;3966,95;3995,05;4126,22;-12,02
06/02/2023;4116,5;4163,7;4087,7;4148,3;62,98;77472;65,44;3974,06;3996,58;4130,93;17,37
07/02/2023;4160,1;4163,5;4113,2;4125;62,32;62577;62,02;3979,98;3997,86;4130,06;-5,06
08/02/2023;4126,9;4159,2;4092,7;4095,5;62,66;70951;57,9;3984,51;3998,83;4125,12;-29,62
09/02/2023;4078,4;4092,1;4050,3;4084;59,94;72667;56,33;3988,41;3999,68;4119,87;-35,87
12/02/2023;4077,7;4139,8;4076,7;4127,3;61,91;44508;60,66;3993,86;4000,95;4120,41;6,89
13/02/2023;4134,1;4175,7;4093,9;4140,7;62,51;88151;61,92;3999,62;4002,34;4122,96;17,74
14/02/2023;4112,7;4143,1;4103;4131,8;62,51;61669;60,53;4004,8;4003,62;4123,67;8,13
15/02/2023;4154,7;4157,5;4088,2;4130,4;64,07;64939;60,31;4009,72;4004,89;4124,2;6,2
16/02/2023;4068,6;4079,4;4047,7;4078,1;65,24;60645;52,36;4012,41;4005,61;4121,05;-42,95
19/02/2023;4077,9;4079,5;4064,6;4067,2;61,56;17703;50,85;4014,55;4006,23;4120;-52,8
20/02/2023;4062,6;4062,8;3995;4003,8;61,02;55632;43,09;4014,13;4006,2;4113,29;-109,49
21/02/2023;4003,5;4017,6;3981,4;3982,1;57,06;60107;40,8;4012,88;4005,96;4105,58;-123,48
22/02/2023;4008,8;4027;3969,1;4007,6;56,76;55557;44,54;4012,67;4005,98;4100,53;-92,93
23/02/2023;4008,2;4008,9;3942,8;3973,9;58,74;53550;40,87;4011,15;4005,66;4094,54;-120,64
26/02/2023;3969,7;4018,7;3969,7;3985,3;56,81;41703;42,59;4010,14;4005,46;4090,65;-105,35
27/02/2023;3984,6;3998;3966,2;3983,1;55,49;43878;42,33;4009,08;4005,24;4086,78;-103,68
28/02/2023;3974,2;3985;3938,7;3945,8;54,04;50129;38,14;4006,59;4004,64;3945,8;0
01/03/2023;3932,5;3976;3919,5;3973,5;54,85;58023;42,68;4005,3;4004,33;3960,66;12,84
02/03/2023;3977,5;4043,1;3971;4042,6;55,49;38490;52,12;4006,76;4004,71;3982,17;60,43
05/03/2023;4051,9;4078,6;4039;4051,4;52,48;38075;53,18;4008,51;4005,18;3996,44;54,96
06/03/2023;4053,5;4060,4;3980;3981,3;55,36;53563;44,71;4007,44;4004,94;3993,04;-11,74
07/03/2023;3987,7;4000,9;3969,5;3976,9;52,65;55152;44,23;4006,25;4004,66;3990;-13,1
08/03/2023;3982,1;4016,3;3936,1;3936,6;52,47;52810;40,02;4003,51;4003,99;3981,86;-45,26
09/03/2023;3887,6;3939,2;3845,1;3876,1;58,13;105078;34,69;3998,52;4002,71;3957,23;-81,13
12/03/2023;3935;3935,5;3809;3856,6;62,01;192402;33,16;3992,95;4001,26;3927,16;-70,56
13/03/2023;3869,4;3937,8;3859,9;3919,9;65,22;137064;42,1;3990,09;4000,45;3925,88;-5,98
14/03/2023;3925,8;3927,3;3831;3893,5;67,96;143288;39,72;3986,3;3999,39;3920,86;-27,36
15/03/2023;3907,9;3964,9;3862,4;3960,9;70,56;115578;47,85;3985,3;3999;3925,31;35,59
16/03/2023;3967,1;3975,6;3900,6;3914,6;72,42;93394;43,51;3982,53;3998,16;3924,43;-9,83
19/03/2023;3878,8;3957,1;3865,4;3949,9;76,7;106888;47,42;3981,25;3997,68;3926,62;23,28
20/03/2023;3958,5;4010,4;3955,5;4001,7;77,71;51848;52,62;3982,05;3997,72;3929,64;72,06
21/03/2023;4003,9;4040;3934,8;3935;81,19;70843;46,28;3980,21;3997,1;3929,92;5,08
22/03/2023;3949,3;4006,4;3915,6;3944,8;82,53;84048;47,28;3978,82;3996,58;3930,78;14,02
23/03/2023;3955,2;3973,4;3905,7;3971,9;84,54;96269;50,06;3978,55;3996,33;3933,35;38,55
26/03/2023;3993,2;4004,2;3967,5;3977,3;81,41;55655;50,62;3978,5;3996,14;3934,88;42,42
27/03/2023;3989,5;3992,9;3951,2;3971,9;82,15;43478;50,02;3978,24;3995,9;3935,86;36,04
28/03/2023;3998,3;4031,1;3997,8;4027,4;80,65;31488;55,84;3980,17;3996,22;3937,58;89,82
29/03/2023;4024,6;4056,6;4022,5;4050,3;76,36;41048;58,02;3982,92;3996,75;3940,28;110,02
30/03/2023;4055,4;4111;4048,3;4108,5;71,81;31672;63;3987,84;3997,87;3943,33;165,17
02/04/2023;4099,7;4128,7;4096,9;4123,5;68,28;31577;64,18;3993,16;3999,12;4115,99;7,51
03/04/2023;4124,6;4141,3;4085,6;4099,7;65,38;38972;60,86;3997,34;4000,12;4109,78;-10,08
04/04/2023;4100,7;4102,3;4071,7;4090,1;60,24;35693;59,53;4000,98;4001,01;4104,69;-14,59
05/04/2023;4080,8;4107,2;4068,8;4104,2;57,63;31974;60,88;4005,03;4002,04;4104,59;-0,39
09/04/2023;4099,4;4109;4070,9;4108,2;53,8;25548;61,28;4009,07;4003,09;4105,07;3,13
10/04/2023;4112;4124,7;4102;4109,6;51,1;25818;61,43;4013,01;4004,15;4105,59;4,01
11/04/2023;4107,5;4149,8;4086,8;4093,1;48,09;48501;58,59;4016,16;4005,04;4103,35;-10,25
12/04/2023;4091,4;4150,6;4090,4;4146,2;45,9;36661;64,3;4021,26;4006,44;4108,48;37,72
13/04/2023;4141,8;4162,7;4112,6;4138;44,64;44860;62,86;4025,83;4007,75;4112,25;25,75
16/04/2023;4145,9;4151,3;4122,8;4151,1;44,06;34356;64,24;4030,75;4009,18;4115,71;35,39
17/04/2023;4153,9;4172,9;4139,6;4154,8;43,46;29466;64,64;4035,61;4010,63;4118,48;36,32
18/04/2023;4142,2;4163,4;4125,8;4154,9;41,91;27714;64,65;4040,29;4012,06;4120,76;34,14
19/04/2023;4147,3;4149,2;4114,3;4130,1;42,38;36900;59,49;4043,81;4013,24;4121,48;8,62
20/04/2023;4125;4139;4112,9;4134,3;39,76;39851;60,07;4047,36;4014,44;4122,46;11,84
23/04/2023;4114,3;4141,8;4111,1;4137,3;39,69;27052;60,51;4050,89;4015,67;4123,2;14,1
24/04/2023;4126,4;4126,9;4071,6;4072,2;40,4;34982;48,2;4051,72;4016,23;4120,13;-47,93
25/04/2023;4091,5;4091,9;4048,9;4056;41,29;45401;45,71;4051,89;4016,62;4115,49;-59,49
26/04/2023;4064,1;4138,6;4063,1;4135,7;44,44;37471;57,38;4055,18;4017,81;4116,63;19,07
27/04/2023;4126,5;4170,3;4112;4168,8;45,89;45230;61,12;4059,63;4019,31;4119,95;48,85
30/04/2023;4174,8;4187,4;4162,2;4166,6;46,06;31597;60,74;4063,83;4020,78;4166,6;0
01/05/2023;4168,5;4172,6;4088,2;4118,2;47,59;44096;52,92;4065,96;4021,75;4138,4;-20,2
02/05/2023;4125,8;4149,4;4088,4;4090,9;47,65;63443;49,08;4066,94;4022,43;4116,74;-25,84
03/05/2023;4087,6;4100,9;4046,9;4059,5;47,93;73171;45,03;4066,65;4022,8;4097,01;-37,51
04/05/2023;4078,6;4147,7;4070;4133,8;52,19;38208;54,58;4069,28;4023,91;4102,62;31,18
07/05/2023;4133,3;4145;4122,8;4137,9;51,4;29267;55,04;4071,97;4025,04;4106,31;31,59
08/05/2023;4132,6;4132,7;4116;4120;50,28;28913;52,52;4073,85;4025,99;4107,6;12,4
09/05/2023;4125,3;4157,9;4098,4;4138,4;51,63;52196;54,81;4076,39;4027,1;4112,05;26,35
10/05/2023;4144,1;4153,2;4106,8;4130,5;53,08;50671;53,61;4078,51;4028,13;4114,32;16,18
11/05/2023;4136,8;4150,5;4098,8;4124,8;54,58;38924;52,72;4080,32;4029,1;4115,23;9,57
14/05/2023;4137;4142,3;4109,6;4136;52,22;26836;54,33;4082,51;4030,16;4116,4;19,6
15/05/2023;4125,4;4137,5;4109,9;4110,2;51,12;32206;50,09;4083,59;4030,96;4116;-5,8
16/05/2023;4112,8;4165,8;4108,7;4158,2;49,3;27992;56,84;4086,52;4032,22;4118,2;40
17/05/2023;4152,7;4202,5;4146,5;4198,7;49,14;36976;61,56;4090,92;4033,88;4123,38;75,32
18/05/2023;4200,6;4213,7;4179,1;4192,5;49,81;38499;60,47;4094,9;4035,46;4127,72;64,78
21/05/2023;4187,2;4208,8;4178,3;4191,9;45,96;31670;60,36;4098,7;4037,01;4130,88;61,02
22/05/2023;4194,2;4194,7;4141,5;4147,2;45,4;35569;52,58;4100,61;4038,11;4131,73;15,47
23/05/2023;4144,4;4145,9;4103,1;4116;44,69;40374;47,94;4101,21;4038,88;4130,85;-14,85
24/05/2023;4128,9;4166,4;4124,3;4150,4;41,99;54397;52,88;4103,14;4039,99;4132,22;18,18
25/05/2023;4150,8;4213,1;4138,9;4204,7;45,71;37584;59,42;4107,12;4041,63;4135,57;69,13
28/05/2023;4222,7;4223,8;4211,6;4216,6;45,51;8813;60,71;4111,42;4043,37;4136,44;80,16
29/05/2023;4218,3;4234;4192,2;4207,8;44,24;44658;59,21;4115,2;4045,01;4140,12;67,68
30/05/2023;4188,7;4200,9;4165,9;4182,3;43,92;42236;54,99;4117,83;4046,38;4142,08;40,22
31/05/2023;4179,6;4232,4;4170,6;4220,8;44,64;44616;59,67;4121,86;4048,11;4220,8;0
01/06/2023;4231,1;4290,9;4229,1;4280,8;47,31;37291;65,66;4128,1;4050,43;4248,12;32,68
04/06/2023;4281,4;4299,2;4266,6;4275,4;47,67;37369;64,73;4133,87;4052,67;4256,66;18,74
05/06/2023;4269,9;4288,8;4261,9;4284,2;45,51;33056;65,59;4139,77;4054,97;4262,64;21,56
06/06/2023;4282,7;4298,7;4263,6;4267,8;44,02;37364;62,54;4144,79;4057,09;4263,66;4,14
07/06/2023;4268,2;4298,1;4256,4;4294,6;44,53;37592;65,37;4150,66;4059,45;4268,77;25,83
08/06/2023;4287,3;4322,5;4279,6;4301,2;45,41;35506;66,05;4156,57;4061,86;4273,16;28,04
11/06/2023;4313,4;4341,2;4304;4340,4;44,47;50474;69,85;4163,78;4064,63;4283,99;56,41
12/06/2023;4351,5;4375,6;4334,6;4369,9;44,25;68389;72,36;4171,86;4067,67;4299,38;70,52
13/06/2023;4366,9;4391,9;4336,7;4371,4;44,59;49757;72,48;4179,69;4070,69;4307,69;63,71
14/06/2023;4366,1;4440,2;4346,2;4425,7;46,01;48728;76,61;4189,33;4074,22;4319,67;106,03
15/06/2023;4422;4447,5;4405,9;4408,4;47,61;44067;72,86;4197,92;4077,55;4327,13;81,27
18/06/2023;4408,7;4415,9;4398,6;4403,1;45,86;11767;71,7;4205,97;4080,78;4328,79;74,31
19/06/2023;4397;4402,9;4367;4390,5;45,45;36139;68,9;4213,21;4083,87;4332,69;57,81
20/06/2023;4382,4;4392,6;4359,7;4365,5;43,39;39096;63,58;4219,18;4086,67;4334,79;30,71
21/06/2023;4362,5;4382,1;4348,7;4380,8;40,76;43667;65,34;4225,52;4089,6;4337,86;42,94
22/06/2023;4364;4370,2;4340,6;4347,1;41,31;37468;58,62;4230,29;4092,16;4338,36;8,74
25/06/2023;4353,4;4362,2;4328,1;4329,9;41,82;42128;55,48;4234,19;4094,52;4337,87;-7,97
26/06/2023;4342,2;4384,5;4331;4379,1;43,21;34338;61,78;4239,87;4097,35;4339,71;39,39
27/06/2023;4370,1;4390,9;4359,4;4378;42,49;36719;61,57;4245,29;4100,15;4341,46;36,54
28/06/2023;4385,2;4398,9;4370,3;4396,1;41,46;42742;63,76;4251,2;4103,09;4344,21;51,89
29/06/2023;4397,8;4458,6;4397,1;4449,9;43,07;26428;69,33;4259;4106,54;4347,41;102,49
02/07/2023;4448,5;4456,8;4441,7;4454,4;41,22;15516;69,75;4266,66;4110;4451,56;2,84
03/07/2023;4455,5;4456,5;4449,1;4453;37,81;5830;69,43;4273,97;4113,42;4451,74;1,26
04/07/2023;4442,7;4454,3;4429,2;4446,2;32,89;22804;67,81;4280,72;4116,73;4449,95;-3,75
05/07/2023;4443;4443,7;4384;4411,1;34,36;33929;60,04;4285,83;4119,66;4437,34;-26,24
06/07/2023;4404,2;4440,9;4395,9;4400;36,34;34907;57,79;4290,31;4122,45;4427,99;-27,99
09/07/2023;4382,4;4412,9;4377,1;4409,5;36,31;30752;59,2;4294,99;4125,3;4424,65;-15,15
10/07/2023;4417,9;4443,9;4404,1;4439,2;36,81;27767;63,33;4300,64;4128,43;4426,69;12,51
11/07/2023;4441,6;4488,6;4440,4;4472,3;37,95;32467;67,3;4307,37;4131,85;4433,12;39,18
12/07/2023;4479,2;4517,9;4478,2;4509,8;38,34;24787;71,12;4315,31;4135,61;4440,56;69,24
13/07/2023;4503,7;4527,8;4498,2;4504,1;38,01;29104;69,79;4322,71;4139,28;4447,07;57,03
16/07/2023;4501,7;4533,2;4496,9;4520,9;36,71;21973;71,49;4330,49;4143,07;4452,37;68,53
17/07/2023;4519,8;4563;4513,2;4556,4;38,01;24221;74,72;4339,35;4147,19;4459,99;96,41
18/07/2023;4559,7;4578,5;4553,6;4567,4;37,75;29150;75,64;4348,29;4151,37;4468,7;98,7
19/07/2023;4559,4;4563,5;4527,6;4536;36,13;34529;68,02;4355,65;4155,19;4474,59;61,41
20/07/2023;4543,4;4560,2;4535,5;4535,7;36,81;31623;67,95;4362,71;4158,98;4479,13;56,57
23/07/2023;4534,9;4563,8;4534,6;4555,5;38,37;28304;70,15;4370,27;4162,93;4483,89;71,61
24/07/2023;4559,5;4581,1;4550,7;4567,9;38,75;20683;71,47;4378,02;4166,95;4487,55;80,35
25/07/2023;4570,7;4583,1;4547,1;4568,6;36,88;36956;71,54;4385,5;4170,95;4493,4;75,2
26/07/2023;4576,5;4606,8;4528,3;4538,3;39,27;43363;63,6;4391,49;4174,61;4496,91;41,39
27/07/2023;4550,7;4590,7;4547,7;4580;40,46;34931;68,74;4398,88;4178,64;4501,83;78,17
30/07/2023;4577,7;4594,2;4573,1;4589;39,12;26419;69,74;4406,34;4182,72;4505,57;83,43
31/07/2023;4589,2;4589,4;4567,1;4577,3;37,19;28106;66,76;4413,04;4186,65;4577,3;0
01/08/2023;4551,7;4559,9;4505;4513,5;39,09;41427;53,4;4416,98;4189,9;4539,29;-25,79
02/08/2023;4521,5;4521,8;4483,4;4499,1;39,72;55902;50,92;4420,2;4192,98;4521,38;-22,28
03/08/2023;4519,4;4540,7;4473,8;4478,3;41,91;50795;47,49;4422,48;4195,82;4508,96;-30,66
06/08/2023;4493;4520,2;4486,3;4518,5;41,34;36497;53,94;4426,24;4199,03;4510,6;7,9
07/08/2023;4502,7;4509,3;4463,4;4499,8;43,5;42484;50,82;4429,13;4202,02;4508,8;-9
08/08/2023;4507,9;4517,1;4460,1;4465,8;44,73;38697;45,63;4430,57;4204,65;4503,14;-37,34
09/08/2023;4478,3;4525,6;4457,1;4468,3;47,86;70832;46,07;4432,05;4207,27;4496,37;-28,07
10/08/2023;4473,3;4477,5;4442,4;4464,1;48,28;53804;45,41;4433,3;4209,82;4492,22;-28,12
13/08/2023;4462,6;4490,3;4453,7;4489;48,72;47554;49,97;4435,49;4212,6;4491,9;-2,9
14/08/2023;4490,8;4493,5;4431,4;4437,2;50,59;54280;42,09;4435,55;4214,84;4486,19;-48,99
15/08/2023;4439,3;4451,3;4403;4404,5;48,43;49953;38,01;4434,34;4216,72;4479,04;-74,54
16/08/2023;4400,5;4420,3;4364;4369,3;48,71;52490;34,18;4431,79;4218,24;4469,79;-100,49
17/08/2023;4372,8;4382,1;4336;4369,6;50,49;56927;34,24;4429,35;4219,75;4461,4;-91,8
20/08/2023;4366,5;4407,7;4359,9;4399,1;52,31;43016;40,11;4428,16;4221,53;4457,69;-58,59
21/08/2023;4402,2;4427,1;4382,5;4388;50,34;43939;38,71;4426,59;4223,19;4453,7;-65,7
22/08/2023;4402,8;4443,6;4387,9;4435,8;51,57;38173;47,25;4426,95;4225,31;4452,85;-17,05
23/08/2023;4459,9;4473,6;4375,4;4375,9;53,81;60113;39,77;4424,95;4226,8;4447,5;-71,6
24/08/2023;4372,6;4418,7;4355,7;4404,2;55,31;66652;44,26;4424,13;4228,57;4444,4;-40,2
27/08/2023;4412,8;4439,9;4407,2;4434,6;53,93;40622;48,68;4424,54;4230,62;4443,99;-9,39
28/08/2023;4437,8;4500,6;4424,5;4499;55,29;39615;56,55;4427,46;4233,29;4446,15;52,85
29/08/2023;4497,3;4522,2;4487,2;4515,8;52,9;40644;58,35;4430,93;4236,1;4448,84;66,96
30/08/2023;4517,6;4532,6;4508;4509,5;52,15;39490;57,39;4434,01;4238,82;4451,03;58,47
31/08/2023;4509,8;4540;4501,1;4513,4;52,31;44869;57,85;4437,12;4241,55;4513,4;0
03/09/2023;4519,4;4526;4510,4;4514,1;48,99;10843;57,94;4440,14;4244,26;4513,54;0,56
04/09/2023;4506;4515,1;4494,9;4496,8;46,99;36380;54,89;4442,36;4246,78;4506,92;-10,12
05/09/2023;4489,6;4490,1;4441,5;4465,7;46,91;40411;49,82;4443,28;4248,96;4494,35;-28,65
06/09/2023;4462,4;4463,7;4429,2;4451,2;46,23;44871;47,61;4443,59;4250,97;4483,44;-32,24
07/09/2023;4461,4;4464,6;4438,8;4442,8;44,66;7871;46,32;4443,56;4252,88;4481,71;-38,91
;;;;;;;;;;;
;;;;;;;;;;;
;;;;;;;;;;;
;;;;;;;;;;;
;;;;;;;;;;;
;;;;;;;;;;;
;;;;;;;;;;;
;;;;;;;;;;;
;;;;;;;;;;;
;;;;;;;;;;;
;;;;;;;;;;;
;;;;;;;;;;;
;;;;;;;;;;;
;;;;;;;;;;;
;;;;;;;;;;;
;;;;;;;;;;;
;;;;;;;;;;;
;;;;;;;;;;;
;;;;;;;;;;;
;;;;;;;;;;;
;;;;;;;;;;;
;;;;;;;;;;;
;;;;;;;;;;;
;;;;;;;;;;;
;;;;;;;;;;;
;;;;;;;;;;;
;;;;;;;;;;;
;;;;;;;;;;;
;;;;;;;;;;;
;;;;;;;;;;;
;;;;;;;;;;;
;;;;;;;;;;;
;;;;;;;;;;;
;;;;;;;;;;;
;;;;;;;;;;;
;;;;;;;;;;;
;;;;;;;;;;;
;;;;;;;;;;;
;;;;;;;;;;;
;;;;;;;;;;;
;;;;;;;;;;;
;;;;;;;;;;;
;;;;;;;;;;;
;;;;;;;;;;;
;;;;;;;;;;;
;;;;;;;;;;;
;;;;;;;;;;;
;;;;;;;;;;;
;;;;;;;;;;;
;;;;;;;;;;;
;;;;;;;;;;;
;;;;;;;;;;;
;;;;;;;;;;;
;;;;;;;;;;;
;;;;;;;;;;;
;;;;;;;;;;;
;;;;;;;;;;;
;;;;;;;;;;;
;;;;;;;;;;;
;;;;;;;;;;;
;;;;;;;;;;;
;;;;;;;;;;;
;;;;;;;;;;;
;;;;;;;;;;;
;;;;;;;;;;;
;;;;;;;;;;;
;;;;;;;;;;;
;;;;;;;;;;;
;;;;;;;;;;;
;;;;;;;;;;;
;;;;;;;;;;;
;;;;;;;;;;;
;;;;;;;;;;;
;;;;;;;;;;;
;;;;;;;;;;;
;;;;;;;;;;;
;;;;;;;;;;;
;;;;;;;;;;;
;;;;;;;;;;;
;;;;;;;;;;;
;;;;;;;;;;;
;;;;;;;;;;;
;;;;;;;;;;;
;;;;;;;;;;;
;;;;;;;;;;;
;;;;;;;;;;;
;;;;;;;;;;;
;;;;;;;;;;;
;;;;;;;;;;;
;;;;;;;;;;;
;;;;;;;;;;;
;;;;;;;;;;;
;;;;;;;;;;;
;;;;;;;;;;;
;;;;;;;;;;;
;;;;;;;;;;;
;;;;;;;;;;;
;;;;;;;;;;;
;;;;;;;;;;;
;;;;;;;;;;;
;;;;;;;;;;;
;;;;;;;;;;;
;;;;;;;;;;;
;;;;;;;;;;;
;;;;;;;;;;;
;;;;;;;;;;;
;;;;;;;;;;;
;;;;;;;;;;;
;;;;;;;;;;;
;;;;;;;;;;;
;;;;;;;;;;;
;;;;;;;;;;;
;;;;;;;;;;;
;;;;;;;;;;;
;;;;;;;;;;;
;;;;;;;;;;;
;;;;;;;;;;;
;;;;;;;;;;;
;;;;;;;;;;;
;;;;;;;;;;;
;;;;;;;;;;;
;;;;;;;;;;;
;;;;;;;;;;;
;;;;;;;;;;;
;;;;;;;;;;;
;;;;;;;;;;;
;;;;;;;;;;;
;;;;;;;;;;;
;;;;;;;;;;;
;;;;;;;;;;;
;;;;;;;;;;;
;;;;;;;;;;;
;;;;;;;;;;;
;;;;;;;;;;;
;;;;;;;;;;;
;;;;;;;;;;;
;;;;;;;;;;;
;;;;;;;;;;;
;;;;;;;;;;;
;;;;;;;;;;;
;;;;;;;;;;;
;;;;;;;;;;;
;;;;;;;;;;;
;;;;;;;;;;;
;;;;;;;;;;;
;;;;;;;;;;;
;;;;;;;;;;;
;;;;;;;;;;;
;;;;;;;;;;;
;;;;;;;;;;;
;;;;;;;;;;;
;;;;;;;;;;;
;;;;;;;;;;;
;;;;;;;;;;;
;;;;;;;;;;;
;;;;;;;;;;;
;;;;;;;;;;;
;;;;;;;;;;;
;;;;;;;;;;;
;;;;;;;;;;;
;;;;;;;;;;;
;;;;;;;;;;;
;;;;;;;;;;;
;;;;;;;;;;;
;;;;;;;;;;;
;;;;;;;;;;;
;;;;;;;;;;;
;;;;;;;;;;;
;;;;;;;;;;;
;;;;;;;;;;;
;;;;;;;;;;;
;;;;;;;;;;;
;;;;;;;;;;;
;;;;;;;;;;;
;;;;;;;;;;;
;;;;;;;;;;;
;;;;;;;;;;;
;;;;;;;;;;;
;;;;;;;;;;;
;;;;;;;;;;;
;;;;;;;;;;;
;;;;;;;;;;;
;;;;;;;;;;;
;;;;;;;;;;;
;;;;;;;;;;;
;;;;;;;;;;;
;;;;;;;;;;;
;;;;;;;;;;;
;;;;;;;;;;;
;;;;;;;;;;;
;;;;;;;;;;;
;;;;;;;;;;;
;;;;;;;;;;;
;;;;;;;;;;;
;;;;;;;;;;;
;;;;;;;;;;;
;;;;;;;;;;;
;;;;;;;;;;;
;;;;;;;;;;;
;;;;;;;;;;;
;;;;;;;;;;;
;;;;;;;;;;;
;;;;;;;;;;;
;;;;;;;;;;;
;;;;;;;;;;;
;;;;;;;;;;;
;;;;;;;;;;;
;;;;;;;;;;;
;;;;;;;;;;;
;;;;;;;;;;;
;;;;;;;;;;;
;;;;;;;;;;;
;;;;;;;;;;;
;;;;;;;;;;;
;;;;;;;;;;;
;;;;;;;;;;;
;;;;;;;;;;;
;;;;;;;;;;;
;;;;;;;;;;;
;;;;;;;;;;;
;;;;;;;;;;;
;;;;;;;;;;;
;;;;;;;;;;;
;;;;;;;;;;;
;;;;;;;;;;;
;;;;;;;;;;;
;;;;;;;;;;;
;;;;;;;;;;;
;;;;;;;;;;;
;;;;;;;;;;;
;;;;;;;;;;;
;;;;;;;;;;;
;;;;;;;;;;;
;;;;;;;;;;;
;;;;;;;;;;;
;;;;;;;;;;;
;;;;;;;;;;;
;;;;;;;;;;;
;;;;;;;;;;;
;;;;;;;;;;;
;;;;;;;;;;;
;;;;;;;;;;;
;;;;;;;;;;;
;;;;;;;;;;;
;;;;;;;;;;;
;;;;;;;;;;;
;;;;;;;;;;;
;;;;;;;;;;;
;;;;;;;;;;;
;;;;;;;;;;;
;;;;;;;;;;;
;;;;;;;;;;;
;;;;;;;;;;;
;;;;;;;;;;;
;;;;;;;;;;;
;;;;;;;;;;;
;;;;;;;;;;;
;;;;;;;;;;;
;;;;;;;;;;;
;;;;;;;;;;;
;;;;;;;;;;;
;;;;;;;;;;;
;;;;;;;;;;;
;;;;;;;;;;;
;;;;;;;;;;;
;;;;;;;;;;;
;;;;;;;;;;;
;;;;;;;;;;;
;;;;;;;;;;;
;;;;;;;;;;;
;;;;;;;;;;;
;;;;;;;;;;;
;;;;;;;;;;;
;;;;;;;;;;;
;;;;;;;;;;;
;;;;;;;;;;;
;;;;;;;;;;;
;;;;;;;;;;;
;;;;;;;;;;;
;;;;;;;;;;;
;;;;;;;;;;;
;;;;;;;;;;;
;;;;;;;;;;;
;;;;;;;;;;;
;;;;;;;;;;;
;;;;;;;;;;;
;;;;;;;;;;;
;;;;;;;;;;;
;;;;;;;;;;;
;;;;;;;;;;;
;;;;;;;;;;;
;;;;;;;;;;;
;;;;;;;;;;;
;;;;;;;;;;;
;;;;;;;;;;;
;;;;;;;;;;;
;;;;;;;;;;;
;;;;;;;;;;;
;;;;;;;;;;;
;;;;;;;;;;;
;;;;;;;;;;;
;;;;;;;;;;;
;;;;;;;;;;;
;;;;;;;;;;;
;;;;;;;;;;;
;;;;;;;;;;;
;;;;;;;;;;;
;;;;;;;;;;;
;;;;;;;;;;;
;;;;;;;;;;;
;;;;;;;;;;;
;;;;;;;;;;;
;;;;;;;;;;;
;;;;;;;;;;;
;;;;;;;;;;;
;;;;;;;;;;;
;;;;;;;;;;;
;;;;;;;;;;;
;;;;;;;;;;;
;;;;;;;;;;;
;;;;;;;;;;;
;;;;;;;;;;;
;;;;;;;;;;;
;;;;;;;;;;;
;;;;;;;;;;;
;;;;;;;;;;;
;;;;;;;;;;;
;;;;;;;;;;;
;;;;;;;;;;;
;;;;;;;;;;;
;;;;;;;;;;;
;;;;;;;;;;;
;;;;;;;;;;;
;;;;;;;;;;;
;;;;;;;;;;;
;;;;;;;;;;;
;;;;;;;;;;;
;;;;;;;;;;;
;;;;;;;;;;;
;;;;;;;;;;;
;;;;;;;;;;;
;;;;;;;;;;;
;;;;;;;;;;;
;;;;;;;;;;;
;;;;;;;;;;;
;;;;;;;;;;;
;;;;;;;;;;;
;;;;;;;;;;;
;;;;;;;;;;;
;;;;;;;;;;;
;;;;;;;;;;;
;;;;;;;;;;;
;;;;;;;;;;;
;;;;;;;;;;;
;;;;;;;;;;;
;;;;;;;;;;;
;;;;;;;;;;;
;;;;;;;;;;;
;;;;;;;;;;;
;;;;;;;;;;;
;;;;;;;;;;;
;;;;;;;;;;;
;;;;;;;;;;;
;;;;;;;;;;;
;;;;;;;;;;;
;;;;;;;;;;;
;;;;;;;;;;;
;;;;;;;;;;;
;;;;;;;;;;;
;;;;;;;;;;;
;;;;;;;;;;;
;;;;;;;;;;;
;;;;;;;;;;;
;;;;;;;;;;;
;;;;;;;;;;;
;;;;;;;;;;;
;;;;;;;;;;;
;;;;;;;;;;;
;;;;;;;;;;;
;;;;;;;;;;;
;;;;;;;;;;;
;;;;;;;;;;;
;;;;;;;;;;;
;;;;;;;;;;;
;;;;;;;;;;;
;;;;;;;;;;;
;;;;;;;;;;;
;;;;;;;;;;;
;;;;;;;;;;;
;;;;;;;;;;;
;;;;;;;;;;;
;;;;;;;;;;;
;;;;;;;;;;;
;;;;;;;;;;;
;;;;;;;;;;;
;;;;;;;;;;;
;;;;;;;;;;;
;;;;;;;;;;;
;;;;;;;;;;;
;;;;;;;;;;;
;;;;;;;;;;;
;;;;;;;;;;;
;;;;;;;;;;;
;;;;;;;;;;;
;;;;;;;;;;;
;;;;;;;;;;;
;;;;;;;;;;;
;;;;;;;;;;;
;;;;;;;;;;;
;;;;;;;;;;;
;;;;;;;;;;;
;;;;;;;;;;;
;;;;;;;;;;;
;;;;;;;;;;;
;;;;;;;;;;;
;;;;;;;;;;;
;;;;;;;;;;;
;;;;;;;;;;;
;;;;;;;;;;;
;;;;;;;;;;;
;;;;;;;;;;;
;;;;;;;;;;;
;;;;;;;;;;;
;;;;;;;;;;;
;;;;;;;;;;;
;;;;;;;;;;;
;;;;;;;;;;;
;;;;;;;;;;;
;;;;;;;;;;;
;;;;;;;;;;;
;;;;;;;;;;;
;;;;;;;;;;;
;;;;;;;;;;;
;;;;;;;;;;;
;;;;;;;;;;;
;;;;;;;;;;;
;;;;;;;;;;;
;;;;;;;;;;;
;;;;;;;;;;;
;;;;;;;;;;;
;;;;;;;;;;;
;;;;;;;;;;;
;;;;;;;;;;;
;;;;;;;;;;;
;;;;;;;;;;;
;;;;;;;;;;;
;;;;;;;;;;;
;;;;;;;;;;;
;;;;;;;;;;;
;;;;;;;;;;;
;;;;;;;;;;;
;;;;;;;;;;;
;;;;;;;;;;;
;;;;;;;;;;;
;;;;;;;;;;;
;;;;;;;;;;;
;;;;;;;;;;;
;;;;;;;;;;;
;;;;;;;;;;;
;;;;;;;;;;;
;;;;;;;;;;;
;;;;;;;;;;;
;;;;;;;;;;;
;;;;;;;;;;;
;;;;;;;;;;;
;;;;;;;;;;;
;;;;;;;;;;;
;;;;;;;;;;;
;;;;;;;;;;;
;;;;;;;;;;;
;;;;;;;;;;;
;;;;;;;;;;;
;;;;;;;;;;;
;;;;;;;;;;;
;;;;;;;;;;;
;;;;;;;;;;;
;;;;;;;;;;;
;;;;;;;;;;;
;;;;;;;;;;;
;;;;;;;;;;;
;;;;;;;;;;;
;;;;;;;;;;;
;;;;;;;;;;;
;;;;;;;;;;;
;;;;;;;;;;;
;;;;;;;;;;;
;;;;;;;;;;;
;;;;;;;;;;;
;;;;;;;;;;;
;;;;;;;;;;;
;;;;;;;;;;;
;;;;;;;;;;;
;;;;;;;;;;;
;;;;;;;;;;;
;;;;;;;;;;;
;;;;;;;;;;;
;;;;;;;;;;;
;;;;;;;;;;;
;;;;;;;;;;;
;;;;;;;;;;;
;;;;;;;;;;;
;;;;;;;;;;;
;;;;;;;;;;;
;;;;;;;;;;;
;;;;;;;;;;;
;;;;;;;;;;;
;;;;;;;;;;;
;;;;;;;;;;;
;;;;;;;;;;;
;;;;;;;;;;;
;;;;;;;;;;;
;;;;;;;;;;;
;;;;;;;;;;;
;;;;;;;;;;;
;;;;;;;;;;;
;;;;;;;;;;;
;;;;;;;;;;;
;;;;;;;;;;;
;;;;;;;;;;;
;;;;;;;;;;;
;;;;;;;;;;;
;;;;;;;;;;;
;;;;;;;;;;;
;;;;;;;;;;;
;;;;;;;;;;;
;;;;;;;;;;;
;;;;;;;;;;;
;;;;;;;;;;;
;;;;;;;;;;;
;;;;;;;;;;;
;;;;;;;;;;;
;;;;;;;;;;;
;;;;;;;;;;;
;;;;;;;;;;;
;;;;;;;;;;;
;;;;;;;;;;;
;;;;;;;;;;;
;;;;;;;;;;;
;;;;;;;;;;;
;;;;;;;;;;;
;;;;;;;;;;;
;;;;;;;;;;;
;;;;;;;;;;;
;;;;;;;;;;;
;;;;;;;;;;;
;;;;;;;;;;;
;;;;;;;;;;;
;;;;;;;;;;;
;;;;;;;;;;;
;;;;;;;;;;;
;;;;;;;;;;;
;;;;;;;;;;;
;;;;;;;;;;;
;;;;;;;;;;;
;;;;;;;;;;;
;;;;;;;;;;;
;;;;;;;;;;;
;;;;;;;;;;;
;;;;;;;;;;;
;;;;;;;;;;;
;;;;;;;;;;;
;;;;;;;;;;;
;;;;;;;;;;;
;;;;;;;;;;;
;;;;;;;;;;;
;;;;;;;;;;;
;;;;;;;;;;;
;;;;;;;;;;;
;;;;;;;;;;;
;;;;;;;;;;;
;;;;;;;;;;;
;;;;;;;;;;;
;;;;;;;;;;;
;;;;;;;;;;;
;;;;;;;;;;;
;;;;;;;;;;;
;;;;;;;;;;;
;;;;;;;;;;;
;;;;;;;;;;;
;;;;;;;;;;;
;;;;;;;;;;;
;;;;;;;;;;;
;;;;;;;;;;;
;;;;;;;;;;;
;;;;;;;;;;;
;;;;;;;;;;;
;;;;;;;;;;;
;;;;;;;;;;;
;;;;;;;;;;;
;;;;;;;;;;;
;;;;;;;;;;;
;;;;;;;;;;;
;;;;;;;;;;;
;;;;;;;;;;;
;;;;;;;;;;;
;;;;;;;;;;;
;;;;;;;;;;;
;;;;;;;;;;;
;;;;;;;;;;;
;;;;;;;;;;;
;;;;;;;;;;;
;;;;;;;;;;;
;;;;;;;;;;;
;;;;;;;;;;;
;;;;;;;;;;;
;;;;;;;;;;;
;;;;;;;;;;;
;;;;;;;;;;;
;;;;;;;;;;;
;;;;;;;;;;;
;;;;;;;;;;;
;;;;;;;;;;;
;;;;;;;;;;;
;;;;;;;;;;;
;;;;;;;;;;;
;;;;;;;;;;;
;;;;;;;;;;;
;;;;;;;;;;;
;;;;;;;;;;;
;;;;;;;;;;;
;;;;;;;;;;;
;;;;;;;;;;;
;;;;;;;;;;;
;;;;;;;;;;;
;;;;;;;;;;;
;;;;;;;;;;;
;;;;;;;;;;;
;;;;;;;;;;;
;;;;;;;;;;;
;;;;;;;;;;;
;;;;;;;;;;;
;;;;;;;;;;;
;;;;;;;;;;;
;;;;;;;;;;;
;;;;;;;;;;;
;;;;;;;;;;;
;;;;;;;;;;;
;;;;;;;;;;;
;;;;;;;;;;;
;;;;;;;;;;;
;;;;;;;;;;;
;;;;;;;;;;;
;;;;;;;;;;;
;;;;;;;;;;;
;;;;;;;;;;;
;;;;;;;;;;;
;;;;;;;;;;;
;;;;;;;;;;;
;;;;;;;;;;;
;;;;;;;;;;;
;;;;;;;;;;;
;;;;;;;;;;;
;;;;;;;;;;;
;;;;;;;;;;;
;;;;;;;;;;;
;;;;;;;;;;;
;;;;;;;;;;;
;;;;;;;;;;;
;;;;;;;;;;;
;;;;;;;;;;;
;;;;;;;;;;;
;;;;;;;;;;;
;;;;;;;;;;;
;;;;;;;;;;;
;;;;;;;;;;;
;;;;;;;;;;;
;;;;;;;;;;;
;;;;;;;;;;;
;;;;;;;;;;;
;;;;;;;;;;;
;;;;;;;;;;;
;;;;;;;;;;;
;;;;;;;;;;;
;;;;;;;;;;;
;;;;;;;;;;;
;;;;;;;;;;;
;;;;;;;;;;;
;;;;;;;;;;;
;;;;;;;;;;;
;;;;;;;;;;;
;;;;;;;;;;;
;;;;;;;;;;;
;;;;;;;;;;;
;;;;;;;;;;;
;;;;;;;;;;;
;;;;;;;;;;;
;;;;;;;;;;;
;;;;;;;;;;;
;;;;;;;;;;;
;;;;;;;;;;;
;;;;;;;;;;;
;;;;;;;;;;;
;;;;;;;;;;;
;;;;;;;;;;;
;;;;;;;;;;;
;;;;;;;;;;;
;;;;;;;;;;;
;;;;;;;;;;;
;;;;;;;;;;;
;;;;;;;;;;;
;;;;;;;;;;;
;;;;;;;;;;;
;;;;;;;;;;;
;;;;;;;;;;;
;;;;;;;;;;;
;;;;;;;;;;;
;;;;;;;;;;;
;;;;;;;;;;;
;;;;;;;;;;;
;;;;;;;;;;;
;;;;;;;;;;;
;;;;;;;;;;;
;;;;;;;;;;;
;;;;;;;;;;;
;;;;;;;;;;;
;;;;;;;;;;;
;;;;;;;;;;;
;;;;;;;;;;;
;;;;;;;;;;;
;;;;;;;;;;;
;;;;;;;;;;;
;;;;;;;;;;;
;;;;;;;;;;;
;;;;;;;;;;;
;;;;;;;;;;;
;;;;;;;;;;;
;;;;;;;;;;;
;;;;;;;;;;;
;;;;;;;;;;;
;;;;;;;;;;;
;;;;;;;;;;;
;;;;;;;;;;;
;;;;;;;;;;;
;;;;;;;;;;;
;;;;;;;;;;;
;;;;;;;;;;;
;;;;;;;;;;;
;;;;;;;;;;;
;;;;;;;;;;;
;;;;;;;;;;;
;;;;;;;;;;;
;;;;;;;;;;;
;;;;;;;;;;;
;;;;;;;;;;;
;;;;;;;;;;;
;;;;;;;;;;;
;;;;;;;;;;;
;;;;;;;;;;;
;;;;;;;;;;;
;;;;;;;;;;;
;;;;;;;;;;;
;;;;;;;;;;;
;;;;;;;;;;;
;;;;;;;;;;;
;;;;;;;;;;;
;;;;;;;;;;;
;;;;;;;;;;;
;;;;;;;;;;;
;;;;;;;;;;;
;;;;;;;;;;;
;;;;;;;;;;;
;;;;;;;;;;;
;;;;;;;;;;;
;;;;;;;;;;;
;;;;;;;;;;;
;;;;;;;;;;;
;;;;;;;;;;;
;;;;;;;;;;;
;;;;;;;;;;;
;;;;;;;;;;;
;;;;;;;;;;;
;;;;;;;;;;;
;;;;;;;;;;;
;;;;;;;;;;;
;;;;;;;;;;;
;;;;;;;;;;;
;;;;;;;;;;;
;;;;;;;;;;;
;;;;;;;;;;;
;;;;;;;;;;;
;;;;;;;;;;;
;;;;;;;;;;;
;;;;;;;;;;;
;;;;;;;;;;;
;;;;;;;;;;;
;;;;;;;;;;;
;;;;;;;;;;;
;;;;;;;;;;;
;;;;;;;;;;;
;;;;;;;;;;;
;;;;;;;;;;;
;;;;;;;;;;;
;;;;;;;;;;;
;;;;;;;;;;;
;;;;;;;;;;;
;;;;;;;;;;;
;;;;;;;;;;;
;;;;;;;;;;;
;;;;;;;;;;;
;;;;;;;;;;;
;;;;;;;;;;;
;;;;;;;;;;;
;;;;;;;;;;;
;;;;;;;;;;;
;;;;;;;;;;;
;;;;;;;;;;;
;;;;;;;;;;;
;;;;;;;;;;;
;;;;;;;;;;;
;;;;;;;;;;;
;;;;;;;;;;;
;;;;;;;;;;;
;;;;;;;;;;;
;;;;;;;;;;;
;;;;;;;;;;;
;;;;;;;;;;;
;;;;;;;;;;;
;;;;;;;;;;;
;;;;;;;;;;;
;;;;;;;;;;;
;;;;;;;;;;;
;;;;;;;;;;;
;;;;;;;;;;;
;;;;;;;;;;;
;;;;;;;;;;;
;;;;;;;;;;;
;;;;;;;;;;;
;;;;;;;;;;;
;;;;;;;;;;;
;;;;;;;;;;;
;;;;;;;;;;;
;;;;;;;;;;;
;;;;;;;;;;;
;;;;;;;;;;;
;;;;;;;;;;;
;;;;;;;;;;;
;;;;;;;;;;;
;;;;;;;;;;;
;;;;;;;;;;;
;;;;;;;;;;;
;;;;;;;;;;;
;;;;;;;;;;;
;;;;;;;;;;;
;;;;;;;;;;;
;;;;;;;;;;;
;;;;;;;;;;;
;;;;;;;;;;;
;;;;;;;;;;;
;;;;;;;;;;;
;;;;;;;;;;;
;;;;;;;;;;;
;;;;;;;;;;;
;;;;;;;;;;;
;;;;;;;;;;;
;;;;;;;;;;;
;;;;;;;;;;;
;;;;;;;;;;;
;;;;;;;;;;;
;;;;;;;;;;;
;;;;;;;;;;;
;;;;;;;;;;;
;;;;;;;;;;;
;;;;;;;;;;;
;;;;;;;;;;;
;;;;;;;;;;;
;;;;;;;;;;;
;;;;;;;;;;;
;;;;;;;;;;;
;;;;;;;;;;;
;;;;;;;;;;;
;;;;;;;;;;;
;;;;;;;;;;;
;;;;;;;;;;;
;;;;;;;;;;;
;;;;;;;;;;;
;;;;;;;;;;;
;;;;;;;;;;;
;;;;;;;;;;;
;;;;;;;;;;;
;;;;;;;;;;;
;;;;;;;;;;;
;;;;;;;;;;;
;;;;;;;;;;;
;;;;;;;;;;;
;;;;;;;;;;;
;;;;;;;;;;;
;;;;;;;;;;;
;;;;;;;;;;;
;;;;;;;;;;;
;;;;;;;;;;;
;;;;;;;;;;;
;;;;;;;;;;;
;;;;;;;;;;;
;;;;;;;;;;;
;;;;;;;;;;;
;;;;;;;;;;;
;;;;;;;;;;;
;;;;;;;;;;;
;;;;;;;;;;;
;;;;;;;;;;;
;;;;;;;;;;;
;;;;;;;;;;;
;;;;;;;;;;;
;;;;;;;;;;;
;;;;;;;;;;;
;;;;;;;;;;;
;;;;;;;;;;;
;;;;;;;;;;;
;;;;;;;;;;;
;;;;;;;;;;;
;;;;;;;;;;;
;;;;;;;;;;;
;;;;;;;;;;;
;;;;;;;;;;;
;;;;;;;;;;;
;;;;;;;;;;;
;;;;;;;;;;;
;;;;;;;;;;;
;;;;;;;;;;;
;;;;;;;;;;;
;;;;;;;;;;;
;;;;;;;;;;;
;;;;;;;;;;;
;;;;;;;;;;;
;;;;;;;;;;;
;;;;;;;;;;;
;;;;;;;;;;;
;;;;;;;;;;;
;;;;;;;;;;;
;;;;;;;;;;;
;;;;;;;;;;;
;;;;;;;;;;;
;;;;;;;;;;;
;;;;;;;;;;;
;;;;;;;;;;;
;;;;;;;;;;;
;;;;;;;;;;;
;;;;;;;;;;;
;;;;;;;;;;;
;;;;;;;;;;;
;;;;;;;;;;;
;;;;;;;;;;;
;;;;;;;;;;;
;;;;;;;;;;;
;;;;;;;;;;;
;;;;;;;;;;;
;;;;;;;;;;;
;;;;;;;;;;;
;;;;;;;;;;;
;;;;;;;;;;;
;;;;;;;;;;;
;;;;;;;;;;;
;;;;;;;;;;;
;;;;;;;;;;;
;;;;;;;;;;;
;;;;;;;;;;;
